"customer_name";"country"
"Konopelski LLC";"Sweden"
"Wisoky Inc";"France"
"Hegmann Group";"Portugal"
"Kirlin and Sons";"France"
"Schoen-Keeling";"UK"
"Labadie and Sons";"Italy"
"Romaguera-Dietrich";"Sweden"
"Connelly-Mohr";"France"
"Wisoky Inc";"Portugal"
"Johns and Sons";"Germany"
"Jacobson, Marvin and Brown";"Portugal"
"Fisher, Morar and Skiles";"Portugal"
"Johns and Sons";"Portugal"
"O'Connell-Mitchell";"Luxembourg"
"Hamill, Kulas and Roob";"Sweden"
"Friesen-Rath";"Portugal"
"Friesen and Sons";"France"
"Kihn Inc";"Sweden"
"Lueilwitz, Kerluke and Lesch";"France"
"Labadie and Sons";"Portugal"
"Shanahan, Schaden and Parker";"Portugal"
"Wiza and Sons";"France"
"Dickinson, Hyatt and Berge";"UK"
"Franecki-White";"Sweden"
"Altenwerth-Konopelski";"Portugal"
"Fisher, Morar and Skiles";"Sweden"
"Hamill, Kulas and Roob";"Portugal"
"Spencer, Rogahn and Muller";"Portugal"
"Wiza and Sons";"UK"
"Hessel-Stiedemann";"Portugal"
"Johns and Sons";"France"
"Zieme, Bailey and Herzog";"Sweden"
"Friesen-Rath";"France"
"Morissette Group";"Germany"
"Johns and Sons";"UK"
"Jacobson, Marvin and Brown";"Germany"
"Wisoky Inc";"UK"
"Fisher, Morar and Skiles";"Germany"
"Friesen and Sons";"Bulgaria"
"Armstrong-Little";"UK"
"Johns and Sons";"Finland"
"Tillman and Sons";"Germany"
"Swaniawski, Runolfsson and Green";"Finland"
"Tillman and Sons";"Sweden"
"Hessel-Stiedemann";"Italy"
"McGlynn-Bergstrom";"France"
"Hamill, Kulas and Roob";"France"
"Bashirian, Okuneva and Bechtelar";"Spain"
"Rowe, Hermiston and Kessler";"France"
"Tillman and Sons";"Ireland"
"Schowalter, Lesch and Beahan";"France"
"Friesen-Rath";"Finland"
"Swaniawski, Runolfsson and Green";"Italy"
"Romaguera-Haley";"Portugal"
"Hessel-Stiedemann";"Luxembourg"
"Wyman Group";"Denmark"
"Dibbert Inc";"Sweden"
"Parisian, Steuber and Satterfield";"Portugal"
"Altenwerth-Konopelski";"France"
"Dickinson, Hyatt and Berge";"Portugal"
"Abbott, Roberts and Torp";"Portugal"
"Tillman and Sons";"Portugal"
"Kihn Inc";"Portugal"
"Bashirian, Okuneva and Bechtelar";"France"
"Homenick-Marvin";"Finland"
"Rowe, Hermiston and Kessler";"Bulgaria"
"Schoen-Keeling";"Portugal"
"Hessel-Stiedemann";"France"
"Romaguera-Dietrich";"Spain"
"Smith Group";"France"
"Smith Group";"Ireland"
"Dickinson, Hyatt and Berge";"Sweden"
"Wiza and Sons";"Sweden"
"Kihn Inc";"France"
"Hessel-Stiedemann";"Bulgaria"
"Kirlin and Sons";"Spain"
"McGlynn-Prosacco";"France"
"Keeling, Monahan and Pollich";"Portugal"
"Spencer, Rogahn and Muller";"Netherlands"
"Zieme, Bailey and Herzog";"Ireland"
"Christiansen, Donnelly and Bechtelar";"Ireland"
"Johns and Sons";"Ireland"
"Stehr-Bogan";"France"
"Leffler, Prohaska and Streich";"Germany"
"Corwin and Sons";"Ireland"
"Swaniawski, Runolfsson and Green";"Germany"
"Baumbach Group";"Sweden"
"McGlynn-Prosacco";"Sweden"
"West-Cummings";"France"
"Hegmann Group";"Denmark"
"Johns and Sons";"Sweden"
"Larkin-Collier";"France"
"Labadie and Sons";"Belgium"
"Labadie and Sons";"UK"
"Hamill, Kulas and Roob";"Bulgaria"
"Hilll-Vandervort";"Portugal"
"Johns and Sons";"Luxembourg"
"Corwin and Sons";"UK"
"Labadie and Sons";"Spain"
"Friesen-Rath";"Ireland"
"Labadie and Sons";"Germany"
"Wunsch LLC";"Sweden"
"Armstrong-Little";"France"
"Goldner-Dibbert";"Sweden"
"Marquardt-Kuvalis";"Portugal"
"Zieme, Bailey and Herzog";"Portugal"
"Spencer, Rogahn and Muller";"Bulgaria"
"Rowe, Hermiston and Kessler";"Finland"
"Larkin-Collier";"Portugal"
"Swaniawski, Runolfsson and Green";"Sweden"
"Hermiston, Simonis and Wisoky";"France"
"Dickinson, Hyatt and Berge";"Luxembourg"
"Friesen and Sons";"Portugal"
"Hegmann Group";"Finland"
"Goldner-Dibbert";"Portugal"
"Stehr LLC";"Sweden"
"Rath-Schroeder";"Bulgaria"
"Hessel-Stiedemann";"Spain"
"Johns and Sons";"Denmark"
"Murray, Reichel and Nolan";"Luxembourg"
"Hartmann, Hane and Pfannerstill";"Portugal"
"Romaguera-Dietrich";"Portugal"
"Smith Group";"Netherlands"
"Shanahan, Schaden and Parker";"Sweden"
"Leffler, Prohaska and Streich";"Ireland"
"Schmitt, Purdy and Johnson";"Spain"
"Lubowitz, McLaughlin and Erdman";"Sweden"
"Considine-Fisher";"Germany"
"Fisher, Morar and Skiles";"France"
"Hessel-Stiedemann";"Sweden"
"Murray, Reichel and Nolan";"Portugal"
"Swaniawski, Runolfsson and Green";"Portugal"
"Dibbert Inc";"Netherlands"
"Connelly-Mohr";"Portugal"
"Dibbert Inc";"UK"
"Zieme, Bailey and Herzog";"Luxembourg"
"Rowe, Hermiston and Kessler";"Portugal"
"Schoen-Keeling";"Italy"
"Murray, Reichel and Nolan";"Sweden"
"Gislason-Stanton";"Finland"
"Schowalter, Lesch and Beahan";"Sweden"
"Hessel-Stiedemann";"Netherlands"
"McGlynn-Bergstrom";"Sweden"
"Altenwerth-Konopelski";"Sweden"
"Kirlin and Sons";"Luxembourg"
"Kirlin and Sons";"Portugal"
"McGlynn-Bergstrom";"Portugal"
"Gislason-Stanton";"UK"
"Keeling, Monahan and Pollich";"Sweden"
"Hamill, Kulas and Roob";"Netherlands"
"McGlynn-Prosacco";"Finland"
"Homenick-Marvin";"Bulgaria"
"Friesen-Rath";"Sweden"
"Rowe, Hermiston and Kessler";"Sweden"
"Larkin-Collier";"Sweden"
"McClure Inc";"Spain"
"McClure Inc";"Netherlands"
"Tillman and Sons";"Finland"
"Leffler, Prohaska and Streich";"France"
"Walter LLC";"Portugal"
"Labadie and Sons";"Sweden"
"Walter LLC";"Sweden"
"Schowalter, Lesch and Beahan";"Portugal"
"Romaguera-Dietrich";"Finland"
"Rath-Schroeder";"France"
"Hilll-Vandervort";"France"
"McGlynn-Prosacco";"UK"
"Corwin and Sons";"Spain"
"Bashirian, Okuneva and Bechtelar";"Portugal"
"Altenwerth-Konopelski";"Luxembourg"
"Baumbach Group";"Ireland"
"Goldner-Dibbert";"France"
"Kihn Inc";"UK"
"Wisoky Inc";"Bulgaria"
"Gleichner-Green";"Ireland"
"West-Cummings";"Luxembourg"
"Farrell, Swaniawski and Crist";"Sweden"
"Franecki-White";"France"
"Hilll-Vandervort";"Finland"
"Kirlin and Sons";"Sweden"
"Kihn Inc";"Ireland"
"Schmitt, Purdy and Johnson";"France"
"Corwin and Sons";"Finland"
"Swaniawski, Runolfsson and Green";"France"
"Stamm-Zulauf";"Luxembourg"
"Farrell, Swaniawski and Crist";"Portugal"
"Labadie and Sons";"Finland"
"Farrell, Swaniawski and Crist";"France"
"McClure Inc";"France"
"Corwin and Sons";"France"
"Gislason-Stanton";"Portugal"
"Leffler, Prohaska and Streich";"Sweden"
"Considine-Fisher";"France"
"Hane Inc";"Sweden"
"Swaniawski, Runolfsson and Green";"Luxembourg"
"McClure Inc";"Luxembourg"
"Spencer, Rogahn and Muller";"Sweden"
"Keeling, Monahan and Pollich";"UK"
"Tillman and Sons";"Luxembourg"
"Hessel-Stiedemann";"UK"
"Friesen and Sons";"Finland"
"West-Cummings";"Sweden"
"Keeling, Monahan and Pollich";"Germany"
"Bashirian, Okuneva and Bechtelar";"Sweden"
"Schowalter, Lesch and Beahan";"Spain"
"Dibbert Inc";"Italy"
"Friesen-Rath";"UK"
"Stamm Inc";"Portugal"
"Lubowitz, McLaughlin and Erdman";"France"
"Romaguera-Dietrich";"Italy"
"Farrell, Swaniawski and Crist";"Netherlands"
"Heaney, Gulgowski and Kshlerin";"France"
"Spencer, Rogahn and Muller";"Italy"
"Schmitt, Purdy and Johnson";"Sweden"
"Hegmann Group";"Sweden"
"Stehr LLC";"Bulgaria"
"Swaniawski, Runolfsson and Green";"Spain"
"O'Connell-Mitchell";"UK"
"Heaney, Gulgowski and Kshlerin";"Belgium"
"Wisoky Inc";"Sweden"
"Kirlin and Sons";"Ireland"
"Christiansen, Donnelly and Bechtelar";"Sweden"
"Spencer, Rogahn and Muller";"France"
"Corwin and Sons";"Sweden"
"Hartmann, Hane and Pfannerstill";"UK"
"Romaguera-Haley";"Sweden"
"Gislason-Stanton";"France"
"Wiza and Sons";"Spain"
"Murray, Reichel and Nolan";"Austria"
"Murray, Reichel and Nolan";"France"
"Larkin-Collier";"Denmark"
"Johns and Sons";"Spain"
"O'Connell-Mitchell";"Finland"
"Friesen-Rath";"Germany"
"Hegmann Group";"Luxembourg"
"Farrell, Swaniawski and Crist";"Spain"
"Wyman Group";"Sweden"
"Wunsch LLC";"Portugal"
"Schmitt, Purdy and Johnson";"Netherlands"
"Spencer, Rogahn and Muller";"Ireland"
"Walter LLC";"France"
"Morissette Group";"Portugal"
"Keeling, Monahan and Pollich";"France"
"Morissette Group";"Luxembourg"
"Lueilwitz, Kerluke and Lesch";"Germany"
"Goldner-Dibbert";"Ireland"
"Corwin and Sons";"Netherlands"
"Tillman and Sons";"UK"
"Hartmann, Hane and Pfannerstill";"Finland"
"McGlynn-Prosacco";"Portugal"
"Walter LLC";"Denmark"
"Considine-Fisher";"Ireland"
"Lueilwitz, Kerluke and Lesch";"Finland"
"Walter LLC";"Ireland"
"Stehr LLC";"Portugal"
"Gorczany-Lehner";"UK"
"Farrell, Swaniawski and Crist";"Finland"
"Hermiston, Simonis and Wisoky";"UK"
"Romaguera-Haley";"France"
"Homenick-Marvin";"France"
"O'Connell-Mitchell";"Portugal"
"Wunsch LLC";"UK"
"Considine-Fisher";"Portugal"
"Christiansen, Donnelly and Bechtelar";"France"
"Armstrong-Little";"Belgium"
"Christiansen, Donnelly and Bechtelar";"Portugal"
"Zieme, Bailey and Herzog";"France"
"Tillman and Sons";"France"
"Goldner-Dibbert";"Spain"
"Swaniawski, Runolfsson and Green";"UK"
"West-Cummings";"Finland"
"Heaney, Gulgowski and Kshlerin";"Portugal"
"Smith Group";"UK"
"Considine-Fisher";"UK"
"Dibbert Inc";"France"
"Farrell, Swaniawski and Crist";"Ireland"
"Friesen and Sons";"UK"
"Stamm-Zulauf";"Netherlands"
"Friesen-Rath";"Bulgaria"
"Tromp LLC";"Portugal"
"Smith Group";"Finland"
"Johns and Sons";"Belgium"
"Lueilwitz, Kerluke and Lesch";"Sweden"
"Hilll-Vandervort";"Sweden"
"Hermiston, Simonis and Wisoky";"Bulgaria"
"Stamm Inc";"Sweden"
"Armstrong-Little";"Bulgaria"
"Stamm-Zulauf";"Sweden"
"Armstrong-Little";"Sweden"
"Schmitt, Purdy and Johnson";"Luxembourg"
"Altenwerth-Konopelski";"Bulgaria"
"Gleichner-Green";"Sweden"
"O'Connell-Mitchell";"Sweden"
"McGlynn-Bergstrom";"Bulgaria"
"Konopelski LLC";"France"
"Dibbert Inc";"Ireland"
"Schowalter, Lesch and Beahan";"UK"
"Heaney, Gulgowski and Kshlerin";"Ireland"
"Hegmann Group";"France"
"Schoen-Keeling";"Sweden"
"Bashirian, Okuneva and Bechtelar";"UK"
"Connelly-Mohr";"Sweden"
"Stehr-Bogan";"Sweden"
"Johns and Sons";"Bulgaria"
"Schuster Inc";"Portugal"
"Altenwerth-Konopelski";"Ireland"
"Leffler, Prohaska and Streich";"Portugal"
"Hane Inc";"Portugal"
"Corwin and Sons";"Portugal"
"Hamill, Kulas and Roob";"Ireland"
"Hermiston, Simonis and Wisoky";"Sweden"
"Jacobson, Marvin and Brown";"Sweden"
"Homenick-Marvin";"Portugal"
"Schuster Inc";"Netherlands"
"Romaguera-Dietrich";"France"
"Farrell, Swaniawski and Crist";"Germany"
"Konopelski LLC";"UK"
"Walter LLC";"Germany"
"Tillman and Sons";"Denmark"
"Wyman Group";"Portugal"
"Lind, Mueller and Stoltenberg";"Portugal"
"McGlynn-Prosacco";"Luxembourg"
"Tromp LLC";"Sweden"
"Hegmann Group";"Netherlands"
"Smith Group";"Austria"
"Hartmann, Hane and Pfannerstill";"Denmark"
"Shanahan, Schaden and Parker";"France"
"Hermiston, Simonis and Wisoky";"Portugal"
"Murray, Reichel and Nolan";"Finland"
"Friesen-Rath";"Netherlands"
"Smith Group";"Bulgaria"
"Stamm-Zulauf";"UK"
"Hamill, Kulas and Roob";"Finland"
"Franecki-White";"Portugal"
"Swaniawski, Runolfsson and Green";"Ireland"
"Marquardt-Kuvalis";"UK"
"McClure Inc";"Portugal"
"Schoen-Keeling";"France"
"Stehr LLC";"France"
"Romaguera-Dietrich";"UK"
"Swaniawski, Runolfsson and Green";"Netherlands"
"Wiza and Sons";"Netherlands"
"Dickinson, Hyatt and Berge";"France"
"Murray, Reichel and Nolan";"Germany"
"Jacobson, Marvin and Brown";"Bulgaria"
"Bashirian, Okuneva and Bechtelar";"Italy"
"Tromp LLC";"Finland"
"Dibbert Inc";"Portugal"
"Larkin-Collier";"Finland"
"Hegmann Group";"UK"
"Hane Inc";"France"
"Murray, Reichel and Nolan";"UK"
"Romaguera-Haley";"UK"
"Swaniawski, Runolfsson and Green";"Belgium"
"Labadie and Sons";"France"
"Lubowitz, McLaughlin and Erdman";"Portugal"
"McClure Inc";"Finland"
"Tromp LLC";"UK"
"Morissette Group";"Sweden"
"West-Cummings";"Portugal"
"Larkin-Collier";"UK"
"Keeling, Monahan and Pollich";"Denmark"
"Johns and Sons";"Italy"
"Christiansen, Donnelly and Bechtelar";"UK"
"Lubowitz, McLaughlin and Erdman";"Denmark"
"Wyman Group";"Bulgaria"
"Hilll-Vandervort";"UK"
"Stamm Inc";"UK"
"Wisoky Inc";"Denmark"
"West-Cummings";"Italy"
"Abbott, Roberts and Torp";"Bulgaria"
"McGlynn-Prosacco";"Netherlands"
"Stamm-Zulauf";"Portugal"
"Wiza and Sons";"Bulgaria"
"Hermiston, Simonis and Wisoky";"Belgium"
"Gislason-Stanton";"Sweden"
"Armstrong-Little";"Portugal"
"Romaguera-Dietrich";"Germany"
"Armstrong-Little";"Netherlands"
"Hessel-Stiedemann";"Finland"
"Murray, Reichel and Nolan";"Spain"
"Wunsch LLC";"Finland"
"Altenwerth-Konopelski";"UK"
"Dickinson, Hyatt and Berge";"Germany"
"Hessel-Stiedemann";"Ireland"
"Dickinson, Hyatt and Berge";"Bulgaria"
"Leffler, Prohaska and Streich";"Spain"
"Altenwerth-Konopelski";"Germany"
"Schmitt, Purdy and Johnson";"UK"
"West-Cummings";"Bulgaria"
"Franecki-White";"UK"
"Christiansen, Donnelly and Bechtelar";"Bulgaria"
"Schuster Inc";"Sweden"
"Konopelski LLC";"Netherlands"
"Littel-Blick";"France"
"O'Connell-Mitchell";"France"
"Schowalter, Lesch and Beahan";"Ireland"
"Johns and Sons";"Netherlands"
"Hessel-Stiedemann";"Germany"
"Murray, Reichel and Nolan";"Bulgaria"
"Gleichner-Green";"Denmark"
"Dickinson, Hyatt and Berge";"Ireland"
"Hartmann, Hane and Pfannerstill";"Spain"
"Altenwerth-Konopelski";"Netherlands"
"Kihn Inc";"Finland"
"Kirlin and Sons";"Netherlands"
