"customer_name";"device_type";"sales_rep";"order_date";"revenue";"cost";"profit"
"Konopelski LLC";"Tablet";"Tarrah Castelletti";"2020-08-23";98320.37;77722.25;20598.12
"Wisoky Inc";"Tablet";"Amelina Piscopiello";"2020-05-15";46296.26;40319.41;5976.85
"Hegmann Group";"PC";"Corene Shirer";"2020-04-09";140337.34;115708.14;24629.2
"Kirlin and Sons";"Mobile";"Crysta Halls";"2019-06-26";203604.46;175344.16;28260.3
"Schoen-Keeling";"PC";"Genevra Charrisson";"2019-10-22";63979.04;56032.84;7946.2
"Labadie and Sons";"PC";"Joshua Prevost";"2019-09-24";127075.41;110924.13;16151.28
"Romaguera-Dietrich";"PC";"Alyosha Meah";"2020-01-25";69681.43;55529.13;14152.3
"Connelly-Mohr";"PC";"Avrit Chanders";"2019-06-21";96795.99;81395.75;15400.24
"Wisoky Inc";"PC";"Aurelie Wren";"2019-01-15";144725.34;115056.65;29668.69
"Johns and Sons";"Mobile";"Casie MacBain";"2020-11-28";32695.37;26375.35;6320.02
"Jacobson, Marvin and Brown";"Tablet";"Aurelie Wren";"2020-10-03";121318.55;102890.26;18428.29
"Fisher, Morar and Skiles";"PC";"Hortense Gerring";"2020-10-31";147092.62;117806.48;29286.14
"Johns and Sons";"PC";"Hortense Gerring";"2019-06-26";187874.45;160031.46;27842.99
"O'Connell-Mitchell";"Tablet";"Jocelyn Laurentino";"2019-07-27";256603.66;209799.15;46804.51
"Hamill, Kulas and Roob";"PC";"Madelon Bront";"2019-06-15";69626.39;57295.56;12330.83
"Friesen-Rath";"PC";"Corene Shirer";"2020-01-28";153029.72;125117.1;27912.62
"Friesen and Sons";"PC";"Maighdiln Upcraft";"2019-04-10";65193.88;53113.45;12080.43
"Kihn Inc";"PC";"Anita Woakes";"2019-10-03";15817.05;13743.44;2073.61
"Lueilwitz, Kerluke and Lesch";"PC";"Avrit Chanders";"2020-05-29";54079.04;45031.62;9047.42
"Labadie and Sons";"PC";"Aurelie Wren";"2020-08-24";168757.23;136895.86;31861.37
"Shanahan, Schaden and Parker";"Mobile";"Brynn Dempster";"2019-01-19";101923.36;86115.05;15808.31
"Wiza and Sons";"PC";"Crysta Halls";"2019-11-18";89160.66;75367.51;13793.15
"Dickinson, Hyatt and Berge";"Mobile";"Jay Morefield";"2020-09-08";77128.75;65536.3;11592.45
"Schoen-Keeling";"PC";"Genevra Charrisson";"2019-10-22";63979.04;56032.84;7946.2
"Franecki-White";"Mobile";"Anita Woakes";"2019-03-18";83897.88;69559.73;14338.15
"Altenwerth-Konopelski";"Mobile";"Brynn Dempster";"2019-09-19";121928.48;98408.48;23520.0
"Fisher, Morar and Skiles";"PC";"Alyosha Meah";"2020-01-31";149376.26;123653.67;25722.59
"Hamill, Kulas and Roob";"PC";"Corene Shirer";"2020-05-24";138127.81;115240.03;22887.78
"Spencer, Rogahn and Muller";"PC";"Corene Shirer";"2020-07-20";206869.73;180928.27;25941.46
"Wiza and Sons";"PC";"Winny Agnolo";"2019-12-05";122627.2;100284.52;22342.68
"Hessel-Stiedemann";"PC";"Corene Shirer";"2020-01-13";92698.45;73454.25;19244.2
"Johns and Sons";"Mobile";"Avrit Chanders";"2019-09-25";173456.4;149866.33;23590.07
"Zieme, Bailey and Herzog";"PC";"Caro Morfield";"2020-01-19";94085.5;77498.23;16587.27
"Friesen-Rath";"PC";"Crysta Halls";"2020-09-05";60068.71;47688.55;12380.16
"Morissette Group";"PC";"Casie MacBain";"2019-07-02";58416.81;46745.13;11671.68
"Hamill, Kulas and Roob";"Mobile";"Madelon Bront";"2019-08-12";239423.57;199152.52;40271.05
"Johns and Sons";"PC";"Jay Morefield";"2019-09-28";53801.73;46785.98;7015.75
"Jacobson, Marvin and Brown";"PC";"Casie MacBain";"2019-04-07";180519.86;145968.36;34551.5
"Johns and Sons";"PC";"Aurelie Wren";"2019-05-17";100469.75;82566.04;17903.71
"Johns and Sons";"PC";"Amelina Piscopiello";"2020-06-21";128221.13;102217.88;26003.25
"Wisoky Inc";"PC";"Winny Agnolo";"2019-07-20";164971.7;132686.74;32284.96
"Fisher, Morar and Skiles";"PC";"Casie MacBain";"2020-03-30";92868.37;79068.13;13800.24
"Friesen and Sons";"PC";"Bernadine Fullagar";"2020-03-10";145439.65;123710.97;21728.68
"Armstrong-Little";"PC";"Winny Agnolo";"2020-07-14";151632.33;120744.82;30887.51
"Hessel-Stiedemann";"PC";"Aurelie Wren";"2020-09-23";159514.03;138872.91;20641.12
"Johns and Sons";"Tablet";"Mellicent Mattys";"2020-02-15";106115.85;93063.6;13052.25
"Tillman and Sons";"PC";"Casie MacBain";"2020-05-10";86704.08;75380.53;11323.55
"Swaniawski, Runolfsson and Green";"PC";"Mellicent Mattys";"2019-04-19";48946.74;38765.82;10180.92
"Tillman and Sons";"PC";"Anita Woakes";"2020-08-11";54078.92;46102.28;7976.64
"Hessel-Stiedemann";"PC";"Joshua Prevost";"2019-03-19";26899.97;23198.53;3701.44
"McGlynn-Bergstrom";"PC";"Crysta Halls";"2020-07-24";149500.61;125401.11;24099.5
"Hamill, Kulas and Roob";"PC";"Crysta Halls";"2019-09-09";127946.33;111850.68;16095.65
"Friesen-Rath";"PC";"Corene Shirer";"2019-02-19";61994.02;54250.97;7743.05
"Bashirian, Okuneva and Bechtelar";"PC";"Perri Aldersley";"2019-10-27";39110.97;34315.97;4795.0
"Hessel-Stiedemann";"PC";"Aurelie Wren";"2020-02-04";74532.02;59752.32;14779.7
"Rowe, Hermiston and Kessler";"PC";"Crysta Halls";"2019-02-22";60592.4;52363.95;8228.45
"Tillman and Sons";"Mobile";"Palm Wetherald";"2020-08-21";81358.58;68918.85;12439.73
"Wisoky Inc";"PC";"Avrit Chanders";"2019-03-07";117538.82;100719.02;16819.8
"Schowalter, Lesch and Beahan";"PC";"Ora Grennan";"2019-07-10";56811.14;48221.3;8589.84
"Friesen-Rath";"Tablet";"Wat Bowkley";"2019-05-30";163967.89;138208.53;25759.36
"Johns and Sons";"PC";"Brynn Dempster";"2020-10-24";159057.92;139923.25;19134.67
"Swaniawski, Runolfsson and Green";"PC";"Joshua Prevost";"2019-06-21";163203.64;140893.7;22309.94
"Johns and Sons";"PC";"Corene Shirer";"2020-06-15";249099.44;215695.2;33404.24
"Romaguera-Haley";"Mobile";"Corene Shirer";"2019-03-08";108412.76;88594.91;19817.85
"Hessel-Stiedemann";"PC";"Jocelyn Laurentino";"2020-08-14";158362.33;133990.37;24371.96
"Johns and Sons";"PC";"Smitty Culverhouse";"2019-10-13";171884.0;146702.99;25181.01
"Wyman Group";"PC";"Case Desorts";"2019-03-14";22164.96;17938.1;4226.86
"Dibbert Inc";"PC";"Tarrah Castelletti";"2020-09-12";178304.35;153573.54;24730.81
"Wisoky Inc";"PC";"Hortense Gerring";"2019-04-02";38494.71;33113.15;5381.56
"Parisian, Steuber and Satterfield";"PC";"Hortense Gerring";"2019-11-14";116157.89;97166.07;18991.82
"Altenwerth-Konopelski";"PC";"Amelina Piscopiello";"2020-02-03";56118.05;47711.57;8406.48
"Johns and Sons";"PC";"Jay Morefield";"2019-04-30";161773.31;138283.83;23489.48
"Dickinson, Hyatt and Berge";"PC";"Aurelie Wren";"2020-08-06";263571.82;216155.25;47416.57
"Abbott, Roberts and Torp";"Tablet";"Brynn Dempster";"2019-03-23";41805.53;33352.45;8453.08
"Tillman and Sons";"PC";"Aurelie Wren";"2020-01-03";93902.04;80793.31;13108.73
"Johns and Sons";"PC";"Ora Grennan";"2020-11-12";310539.0;248275.93;62263.07
"Kihn Inc";"PC";"Aurelie Wren";"2019-02-19";82357.57;65474.27;16883.3
"Bashirian, Okuneva and Bechtelar";"Tablet";"Maighdiln Upcraft";"2020-08-29";50585.98;40999.94;9586.04
"Homenick-Marvin";"Tablet";"Wat Bowkley";"2020-08-18";33190.03;28397.39;4792.64
"Rowe, Hermiston and Kessler";"Mobile";"Bernadine Fullagar";"2019-10-13";78293.94;66236.67;12057.27
"Schoen-Keeling";"PC";"Hortense Gerring";"2019-06-02";64762.89;54238.92;10523.97
"Hessel-Stiedemann";"PC";"Amelina Piscopiello";"2019-06-15";184221.2;150324.5;33896.7
"Romaguera-Dietrich";"PC";"Perri Aldersley";"2020-08-18";134908.19;114388.65;20519.54
"Smith Group";"PC";"Ora Grennan";"2019-02-11";122139.94;103684.6;18455.34
"Smith Group";"PC";"Bunnie Tonbridge";"2019-02-12";361182.87;288368.4;72814.47
"Dickinson, Hyatt and Berge";"PC";"Madelon Bront";"2020-01-03";79313.86;63316.25;15997.61
"Wiza and Sons";"PC";"Caro Morfield";"2019-05-23";151315.26;121173.26;30142.0
"Kihn Inc";"PC";"Amelina Piscopiello";"2020-06-22";52805.94;43791.97;9013.97
"Johns and Sons";"PC";"Hortense Gerring";"2019-03-19";69750.57;60731.82;9018.75
"Johns and Sons";"PC";"Hortense Gerring";"2020-01-06";228961.3;183764.34;45196.96
"Johns and Sons";"PC";"Amelina Piscopiello";"2019-10-27";148405.47;128845.63;19559.84
"Hessel-Stiedemann";"PC";"Bernadine Fullagar";"2020-11-10";95960.77;76519.12;19441.65
"Kirlin and Sons";"Mobile";"Bertha Walbrook";"2019-06-25";0.0;190767.27;-190767.27
"Johns and Sons";"PC";"Amelina Piscopiello";"2020-05-18";83340.04;73264.23;10075.81
"Johns and Sons";"PC";"Hortense Gerring";"2019-06-24";183363.6;155033.92;28329.68
"Hessel-Stiedemann";"PC";"Brynn Dempster";"2020-12-14";290551.74;239530.86;51020.88
"McGlynn-Prosacco";"Mobile";"Ora Grennan";"2019-01-19";80781.62;68971.35;11810.27
"McGlynn-Prosacco";"PC";"Crysta Halls";"2020-11-13";123672.7;106036.97;17635.73
"Keeling, Monahan and Pollich";"PC";"Hortense Gerring";"2019-10-28";111639.29;97204.33;14434.96
"Spencer, Rogahn and Muller";"PC";"Nero Harbisher";"2020-08-10";149956.93;130087.64;19869.29
"Johns and Sons";"PC";"Winny Agnolo";"2020-12-30";167615.14;135567.12;32048.02
"Zieme, Bailey and Herzog";"PC";"Bunnie Tonbridge";"2019-01-12";84877.87;68454.0;16423.87
"Christiansen, Donnelly and Bechtelar";"PC";"Palm Wetherald";"2019-12-01";65831.42;52487.39;13344.03
"Johns and Sons";"PC";"Bunnie Tonbridge";"2019-09-02";80719.44;64422.19;16297.25
"Stehr-Bogan";"PC";"Crysta Halls";"2020-09-08";146325.53;118333.46;27992.07
"Leffler, Prohaska and Streich";"Mobile";"Casie MacBain";"2020-06-10";30177.8;23924.96;6252.84
"Corwin and Sons";"PC";"Palm Wetherald";"2020-02-05";135662.46;116764.68;18897.78
"Swaniawski, Runolfsson and Green";"PC";"Casie MacBain";"2019-10-28";102918.09;87480.38;15437.71
"Johns and Sons";"PC";"Brynn Dempster";"2020-10-05";138764.6;111414.1;27350.5
"Baumbach Group";"PC";"Anita Woakes";"2019-04-06";106142.65;88151.47;17991.18
"McGlynn-Prosacco";"PC";"Alyosha Meah";"2019-08-07";250315.06;218825.43;31489.63
"West-Cummings";"PC";"Avrit Chanders";"2020-06-22";162199.24;130878.57;31320.67
"Friesen-Rath";"Mobile";"Avrit Chanders";"2019-06-24";186209.44;148818.58;37390.86
"Labadie and Sons";"Mobile";"Hortense Gerring";"2019-04-21";116774.43;98954.65;17819.78
"Hegmann Group";"PC";"Case Desorts";"2020-02-04";69017.42;55897.21;13120.21
"Friesen and Sons";"PC";"Maighdiln Upcraft";"2019-09-18";27400.69;22832.99;4567.7
"Johns and Sons";"PC";"Ora Grennan";"2019-03-12";75483.45;60077.28;15406.17
"Johns and Sons";"PC";"Alyosha Meah";"2019-02-17";89376.84;73646.52;15730.32
"Larkin-Collier";"PC";"Avrit Chanders";"2020-09-09";150135.0;131067.85;19067.15
"Kihn Inc";"PC";"Smitty Culverhouse";"2019-01-11";34930.08;28017.42;6912.66
"Labadie and Sons";"PC";"Collin Mackness";"2020-11-27";122889.28;103042.66;19846.62
"Franecki-White";"";"Anita Woakes";"2020-08-14";48179.57;41405.52;6774.05
"Homenick-Marvin";"PC";"Wat Bowkley";"2020-06-03";74480.56;60023.88;14456.68
"Labadie and Sons";"PC";"Genevra Charrisson";"2019-03-26";27987.13;24001.76;3985.37
"Hamill, Kulas and Roob";"PC";"Shermy McGready";"2020-09-08";159294.28;130605.38;28688.9
"Hilll-Vandervort";"Mobile";"Smitty Culverhouse";"2020-07-05";37582.13;31967.36;5614.77
"Johns and Sons";"Mobile";"Jocelyn Laurentino";"2019-03-24";104743.22;83281.33;21461.89
"Johns and Sons";"PC";"Jay Morefield";"2020-08-25";151012.12;126080.02;24932.1
"Romaguera-Dietrich";"PC";"Alyosha Meah";"2020-02-06";233858.47;185543.31;48315.16
"Corwin and Sons";"Tablet";"Jay Morefield";"2019-03-22";83097.4;68148.18;14949.22
"Labadie and Sons";"PC";"Manuel Goudie";"2019-09-04";68745.86;58014.63;10731.23
"Friesen-Rath";"PC";"Bunnie Tonbridge";"2020-10-03";99887.86;84045.65;15842.21
"Johns and Sons";"PC";"Crysta Halls";"2019-06-20";212521.26;172014.71;40506.55
"Labadie and Sons";"PC";"Casie MacBain";"2019-10-20";161217.16;135696.48;25520.68
"Kihn Inc";"PC";"Caro Morfield";"2019-05-26";78542.59;68010.03;10532.56
"Dickinson, Hyatt and Berge";"PC";"Genevra Charrisson";"2019-08-26";90559.16;75318.05;15241.11
"Wunsch LLC";"PC";"Tarrah Castelletti";"2019-12-27";240940.97;195138.09;45802.88
"Armstrong-Little";"PC";"Ora Grennan";"2020-09-18";133754.65;106147.69;27606.96
"Goldner-Dibbert";"Mobile";"Madelon Bront";"2020-12-02";17524.02;14122.61;3401.41
"Fisher, Morar and Skiles";"Mobile";"Alyosha Meah";"2019-01-18";57927.54;48914.01;9013.53
"Johns and Sons";"PC";"Wat Bowkley";"2019-09-08";100978.49;86568.86;14409.63
"Friesen-Rath";"Mobile";"Bunnie Tonbridge";"2019-05-17";36070.76;29339.96;6730.8
"Marquardt-Kuvalis";"PC";"Corene Shirer";"2020-08-25";104711.22;90868.4;13842.82
"Zieme, Bailey and Herzog";"PC";"Brynn Dempster";"2020-09-05";90994.31;72540.66;18453.65
"Spencer, Rogahn and Muller";"PC";"Shermy McGready";"2019-11-21";105277.2;90759.47;14517.73
"Rowe, Hermiston and Kessler";"PC";"Mellicent Mattys";"2020-05-07";194962.05;154975.33;39986.72
"Larkin-Collier";"PC";"Brynn Dempster";"2019-10-13";85515.6;67959.25;17556.35
"Johns and Sons";"Tablet";"Maighdiln Upcraft";"2020-10-27";84035.82;71329.6;12706.22
"Swaniawski, Runolfsson and Green";"Mobile";"Alyosha Meah";"2020-10-10";93996.68;77171.27;16825.41
"Hermiston, Simonis and Wisoky";"Mobile";"Maighdiln Upcraft";"2020-09-05";31161.76;27300.82;3860.94
"Dickinson, Hyatt and Berge";"PC";"Jocelyn Laurentino";"2020-07-23";148359.68;118480.04;29879.64
"Johns and Sons";"PC";"Alyosha Meah";"2019-09-03";71119.23;59220.98;11898.25
"Friesen and Sons";"PC";"Hortense Gerring";"2019-09-18";141965.11;119193.91;22771.2
"Hegmann Group";"PC";"Mellicent Mattys";"2020-01-09";127994.87;105800.56;22194.31
"Goldner-Dibbert";"Mobile";"Aurelie Wren";"2019-09-19";106325.72;92705.4;13620.32
"Stehr LLC";"PC";"Tarrah Castelletti";"2019-12-10";78679.6;62416.53;16263.07
"Rath-Schroeder";"Tablet";"Bernadine Fullagar";"2019-04-26";37073.91;30274.55;6799.36
"Johns and Sons";"PC";"Ora Grennan";"2019-10-17";108968.67;88395.39;20573.28
"Hessel-Stiedemann";"PC";"Perri Aldersley";"2019-05-04";174262.11;143278.31;30983.8
"Johns and Sons";"PC";"Cobby Andersen";"2020-09-01";47516.54;38987.32;8529.22
"Murray, Reichel and Nolan";"PC";"Jocelyn Laurentino";"2020-02-20";61374.06;49099.25;12274.81
"Hartmann, Hane and Pfannerstill";"PC";"Corene Shirer";"2020-07-06";83904.32;69011.3;14893.02
"Romaguera-Dietrich";"PC";"Smitty Culverhouse";"2019-09-29";120152.33;97527.65;22624.68
"Smith Group";"PC";"Nero Harbisher";"2019-02-17";60917.85;52736.58;8181.27
"Shanahan, Schaden and Parker";"PC";"Anita Woakes";"2020-08-14";170457.8;142809.54;27648.26
"Leffler, Prohaska and Streich";"PC";"Palm Wetherald";"2020-01-23";88684.7;75337.65;13347.05
"Schmitt, Purdy and Johnson";"Mobile";"Bertha Walbrook";"2020-11-05";120012.56;97762.23;22250.33
"Johns and Sons";"PC";"Ora Grennan";"2019-06-04";118027.37;96050.67;21976.7
"Dickinson, Hyatt and Berge";"PC";"Winny Agnolo";"2019-09-17";141552.4;122994.88;18557.52
"Lubowitz, McLaughlin and Erdman";"PC";"Tarrah Castelletti";"2019-09-20";67161.99;55764.6;11397.39
"Considine-Fisher";"Mobile";"Casie MacBain";"2020-03-07";250483.63;217269.5;33214.13
"Fisher, Morar and Skiles";"Tablet";"Ora Grennan";"2020-08-31";26103.94;22339.75;3764.19
"Hessel-Stiedemann";"PC";"Tarrah Castelletti";"2020-09-10";98322.98;84872.4;13450.58
"Murray, Reichel and Nolan";"PC";"Brynn Dempster";"2020-04-01";104391.93;86770.57;17621.36
"Kihn Inc";"PC";"Ora Grennan";"2019-09-09";91540.03;74916.36;16623.67
"Swaniawski, Runolfsson and Green";"Tablet";"Hortense Gerring";"2020-11-29";78057.96;67161.07;10896.89
"Dibbert Inc";"PC";"Nero Harbisher";"2020-03-13";77896.83;62714.74;15182.09
"Johns and Sons";"PC";"Corene Shirer";"2020-09-16";141796.75;112317.21;29479.54
"Connelly-Mohr";"PC";"Brynn Dempster";"2020-10-06";201537.12;166127.05;35410.07
"Dibbert Inc";"PC";"Genevra Charrisson";"2020-05-03";125099.05;108473.39;16625.66
"Hessel-Stiedemann";"PC";"Jocelyn Laurentino";"2019-04-11";26490.47;21168.53;5321.94
"Zieme, Bailey and Herzog";"PC";"Jocelyn Laurentino";"2020-09-27";160185.99;130487.51;29698.48
"Romaguera-Haley";"Mobile";"Brynn Dempster";"2020-11-16";87459.79;69967.83;17491.96
"Johns and Sons";"PC";"Ora Grennan";"2020-10-29";29443.71;23958.35;5485.36
"Rowe, Hermiston and Kessler";"PC";"Aurelie Wren";"2019-12-30";151151.77;124035.14;27116.63
"West-Cummings";"PC";"Amelina Piscopiello";"2019-10-25";155044.02;134268.12;20775.9
"Johns and Sons";"PC";"Alyosha Meah";"2019-03-28";57227.99;46331.78;10896.21
"Hessel-Stiedemann";"PC";"Alyosha Meah";"2020-09-07";249842.77;218737.35;31105.42
"Schoen-Keeling";"Mobile";"Joshua Prevost";"2020-12-11";109390.57;87414.0;21976.57
"Murray, Reichel and Nolan";"PC";"Anita Woakes";"2020-04-14";120763.23;96719.27;24043.96
"Gislason-Stanton";"PC";"Mellicent Mattys";"2020-01-25";177464.83;142717.22;34747.61
"Schowalter, Lesch and Beahan";"Mobile";"Alyosha Meah";"2019-06-14";251587.2;201848.41;49738.79
"Hessel-Stiedemann";"PC";"Nero Harbisher";"2019-04-21";62567.58;49916.42;12651.16
"Hessel-Stiedemann";"PC";"Avrit Chanders";"2020-12-13";234340.31;204438.49;29901.82
"Johns and Sons";"PC";"Madelon Bront";"2020-07-12";148243.05;120566.07;27676.98
"McGlynn-Bergstrom";"PC";"Tarrah Castelletti";"2020-05-03";90602.07;71630.0;18972.07
"Altenwerth-Konopelski";"Tablet";"Madelon Bront";"2020-10-27";36181.81;29698.03;6483.78
"Johns and Sons";"Mobile";"Anita Woakes";"2019-06-09";81262.34;65326.8;15935.54
"Zieme, Bailey and Herzog";"PC";"Smitty Culverhouse";"2020-06-05";121736.23;106214.86;15521.37
"McGlynn-Prosacco";"PC";"Madelon Bront";"2020-04-27";131839.16;115372.45;16466.71
"Kirlin and Sons";"PC";"Jocelyn Laurentino";"2020-02-21";47182.43;40576.89;6605.54
"Kirlin and Sons";"PC";"Smitty Culverhouse";"2020-10-29";36321.68;31581.7;4739.98
"Zieme, Bailey and Herzog";"Tablet";"Caro Morfield";"2020-05-30";82116.31;70652.87;11463.44
"Rowe, Hermiston and Kessler";"PC";"Aurelie Wren";"2020-05-17";77087.84;65894.69;11193.15
"Swaniawski, Runolfsson and Green";"PC";"Tarrah Castelletti";"2019-09-16";94115.99;75669.26;18446.73
"Wiza and Sons";"PC";"Jay Morefield";"2019-08-02";60301.96;48820.47;11481.49
"Hessel-Stiedemann";"PC";"Brynn Dempster";"2020-07-04";66146.57;56145.21;10001.36
"McGlynn-Bergstrom";"PC";"Brynn Dempster";"2020-04-30";134120.38;105981.92;28138.46
"Gislason-Stanton";"PC";"Winny Agnolo";"2020-04-09";137306.45;108732.98;28573.47
"Keeling, Monahan and Pollich";"PC";"Anita Woakes";"2019-04-23";132632.97;112035.07;20597.9
"Hamill, Kulas and Roob";"PC";"Nero Harbisher";"2019-11-18";73981.77;61959.73;12022.04
"McGlynn-Prosacco";"PC";"Wat Bowkley";"2020-09-11";93007.22;81837.05;11170.17
"Homenick-Marvin";"PC";"Bernadine Fullagar";"2019-10-15";147672.87;129110.39;18562.48
"Friesen-Rath";"PC";"Caro Morfield";"2020-12-07";53593.86;45629.81;7964.05
"Rowe, Hermiston and Kessler";"Tablet";"Anita Woakes";"2020-06-29";110092.84;92797.25;17295.59
"Larkin-Collier";"PC";"Tarrah Castelletti";"2019-02-01";174380.2;151518.96;22861.24
"Rowe, Hermiston and Kessler";"PC";"Crysta Halls";"2019-05-03";55804.05;46401.07;9402.98
"Fisher, Morar and Skiles";"PC";"Brynn Dempster";"2019-04-24";78938.82;65471.86;13466.96
"Johns and Sons";"Mobile";"Madelon Bront";"2020-11-01";124593.04;109106.13;15486.91
"Murray, Reichel and Nolan";"PC";"Madelon Bront";"2019-11-06";126682.79;106514.89;20167.9
"Johns and Sons";"PC";"Amelina Piscopiello";"2019-03-11";86077.83;72288.16;13789.67
"McClure Inc";"PC";"Bertha Walbrook";"2020-11-15";131409.9;115325.33;16084.57
"McGlynn-Bergstrom";"PC";"Amelina Piscopiello";"2020-04-22";123562.02;102927.16;20634.86
"McClure Inc";"Tablet";"Nero Harbisher";"2019-11-06";214983.15;180413.86;34569.29
"Tillman and Sons";"PC";"Mellicent Mattys";"2020-12-08";135629.36;118526.5;17102.86
"Leffler, Prohaska and Streich";"Tablet";"Crysta Halls";"2020-04-12";38648.72;32368.3;6280.42
"Walter LLC";"Tablet";"Hortense Gerring";"2019-10-29";136324.9;110436.8;25888.1
"Labadie and Sons";"Mobile";"Tarrah Castelletti";"2019-02-19";113586.11;91641.27;21944.84
"Kihn Inc";"PC";"Caro Morfield";"2019-10-30";67611.54;56191.95;11419.59
"Johns and Sons";"PC";"Corene Shirer";"2020-05-19";143322.47;114213.68;29108.79
"Walter LLC";"PC";"Madelon Bront";"2020-11-20";171748.56;136574.45;35174.11
"Wiza and Sons";"PC";"Maighdiln Upcraft";"2019-03-22";50516.2;43918.78;6597.42
"Schowalter, Lesch and Beahan";"PC";"Hortense Gerring";"2019-05-31";76856.57;65535.6;11320.97
"Romaguera-Dietrich";"PC";"Wat Bowkley";"2019-10-18";125280.28;99372.32;25907.96
"Johns and Sons";"Mobile";"Ora Grennan";"2019-07-12";184431.48;153059.69;31371.79
"Rath-Schroeder";"PC";"Avrit Chanders";"2020-12-11";102255.86;83379.43;18876.43
"Hilll-Vandervort";"PC";"Maighdiln Upcraft";"2019-04-13";101318.72;86657.9;14660.82
"Swaniawski, Runolfsson and Green";"PC";"Corene Shirer";"2020-11-22";83226.45;71699.59;11526.86
"McGlynn-Prosacco";"PC";"Jay Morefield";"2019-05-01";129485.51;112794.83;16690.68
"Larkin-Collier";"PC";"Amelina Piscopiello";"2019-07-18";177802.7;155079.51;22723.19
"Corwin and Sons";"PC";"Manuel Goudie";"2020-01-24";44038.31;36252.34;7785.97
"Bashirian, Okuneva and Bechtelar";"PC";"Aurelie Wren";"2019-08-10";113781.45;91104.81;22676.64
"Altenwerth-Konopelski";"Tablet";"Jocelyn Laurentino";"2019-12-12";312928.72;270401.71;42527.01
"Baumbach Group";"Mobile";"Bunnie Tonbridge";"2020-03-20";65397.28;53920.06;11477.22
"Goldner-Dibbert";"PC";"Amelina Piscopiello";"2020-06-13";250488.42;214142.55;36345.87
"Kihn Inc";"PC";"Winny Agnolo";"2020-02-03";111523.01;98017.57;13505.44
"Hessel-Stiedemann";"Tablet";"Amelina Piscopiello";"2019-09-12";271411.92;231514.37;39897.55
"Wisoky Inc";"Mobile";"Shermy McGready";"2019-03-15";83141.47;72000.51;11140.96
"Gleichner-Green";"PC";"Bunnie Tonbridge";"2020-05-14";126523.36;106368.19;20155.17
"Murray, Reichel and Nolan";"Mobile";"Hortense Gerring";"2020-09-22";95410.97;80593.65;14817.32
"West-Cummings";"PC";"Jocelyn Laurentino";"2019-08-29";136079.62;119178.53;16901.09
"Farrell, Swaniawski and Crist";"PC";"Alyosha Meah";"2019-02-19";25907.52;22454.05;3453.47
"Franecki-White";"PC";"Amelina Piscopiello";"2019-12-26";180515.09;148852.74;31662.35
"Hilll-Vandervort";"PC";"Wat Bowkley";"2019-05-27";28538.19;24970.92;3567.27
"Kirlin and Sons";"PC";"Alyosha Meah";"2019-01-29";162142.74;136037.76;26104.98
"Kihn Inc";"Mobile";"Bunnie Tonbridge";"2020-05-27";37520.09;32781.3;4738.79
"Johns and Sons";"PC";"Casie MacBain";"2019-07-18";230765.62;195435.4;35330.22
"Wisoky Inc";"PC";"Ora Grennan";"2020-12-10";26713.46;22043.95;4669.51
"Kirlin and Sons";"Mobile";"Aurelie Wren";"2019-11-08";56763.04;47663.92;9099.12
"Schmitt, Purdy and Johnson";"PC";"Ora Grennan";"2019-03-02";18326.41;15067.97;3258.44
"Johns and Sons";"PC";"Smitty Culverhouse";"2020-06-09";69871.92;58014.66;11857.26
"Hartmann, Hane and Pfannerstill";"PC";"Smitty Culverhouse";"2019-03-21";106516.4;86928.03;19588.37
"Rowe, Hermiston and Kessler";"PC";"Alyosha Meah";"2020-04-15";53849.12;47354.92;6494.2
"Corwin and Sons";"PC";"Wat Bowkley";"2019-11-15";99989.89;81191.79;18798.1
"Swaniawski, Runolfsson and Green";"PC";"Crysta Halls";"2020-07-01";132760.25;105039.91;27720.34
"Stamm-Zulauf";"PC";"Jocelyn Laurentino";"2020-05-22";120831.28;95746.71;25084.57
"Farrell, Swaniawski and Crist";"PC";"Hortense Gerring";"2019-05-22";80474.78;66568.74;13906.04
"Labadie and Sons";"Mobile";"Mellicent Mattys";"2019-10-07";222379.49;192869.73;29509.76
"Johns and Sons";"PC";"Madelon Bront";"2020-11-09";173944.47;139729.59;34214.88
"Kirlin and Sons";"PC";"Perri Aldersley";"2019-10-29";107359.01;90868.67;16490.34
"Farrell, Swaniawski and Crist";"PC";"Ora Grennan";"2020-07-30";106730.16;89503.91;17226.25
"Johns and Sons";"PC";"Ora Grennan";"2020-01-08";40544.43;32666.65;7877.78
"Swaniawski, Runolfsson and Green";"PC";"Madelon Bront";"2019-04-05";0.0;120808.16;-120808.16
"McClure Inc";"PC";"Amelina Piscopiello";"2020-08-11";144204.86;115262.94;28941.92
"Corwin and Sons";"Tablet";"Amelina Piscopiello";"2019-12-23";238659.41;204507.25;34152.16
"West-Cummings";"PC";"Crysta Halls";"2020-03-15";16388.9;13430.7;2958.2
"Gislason-Stanton";"PC";"Hortense Gerring";"2020-04-13";55166.78;47443.43;7723.35
"Leffler, Prohaska and Streich";"PC";"Anita Woakes";"2019-08-26";46849.71;39630.17;7219.54
"Gislason-Stanton";"Tablet";"Smitty Culverhouse";"2019-11-06";294472.77;255572.92;38899.85
"Considine-Fisher";"PC";"Avrit Chanders";"2019-04-10";80294.56;65295.54;14999.02
"Rowe, Hermiston and Kessler";"Mobile";"Ora Grennan";"2019-12-21";56823.17;46583.63;10239.54
"Johns and Sons";"PC";"Ora Grennan";"2019-08-27";72314.73;57309.42;15005.31
"Johns and Sons";"PC";"Casie MacBain";"2020-09-06";241782.39;196544.91;45237.48
"Hane Inc";"PC";"Madelon Bront";"2020-11-04";152522.94;122399.66;30123.28
"Johns and Sons";"PC";"Brynn Dempster";"2020-02-01";98521.87;84571.17;13950.7
"Swaniawski, Runolfsson and Green";"PC";"Jocelyn Laurentino";"2019-08-07";108920.56;94270.74;14649.82
"McClure Inc";"PC";"Jocelyn Laurentino";"2020-02-24";74732.79;64098.31;10634.48
"Spencer, Rogahn and Muller";"PC";"Smitty Culverhouse";"2020-07-07";152676.77;122385.7;30291.07
"Spencer, Rogahn and Muller";"PC";"Caro Morfield";"2019-04-18";63196.98;54671.71;8525.27
"Larkin-Collier";"PC";"Hortense Gerring";"2019-05-01";172444.09;149681.47;22762.62
"Keeling, Monahan and Pollich";"PC";"Genevra Charrisson";"2020-04-04";78013.63;64509.47;13504.16
"Altenwerth-Konopelski";"PC";"Ora Grennan";"2020-11-07";84712.13;73004.91;11707.22
"Larkin-Collier";"Mobile";"Corene Shirer";"2019-09-01";28859.73;23656.32;5203.41
"Tillman and Sons";"PC";"Jocelyn Laurentino";"2019-02-01";71360.36;59750.03;11610.33
"Hilll-Vandervort";"PC";"Crysta Halls";"2020-04-07";161212.39;138046.17;23166.22
"Hessel-Stiedemann";"PC";"Winny Agnolo";"2020-05-11";124668.36;103998.35;20670.01
"Friesen and Sons";"Mobile";"Mellicent Mattys";"2020-04-12";186397.6;161233.92;25163.68
"West-Cummings";"Mobile";"Anita Woakes";"2020-11-30";153823.74;129258.09;24565.65
"Keeling, Monahan and Pollich";"Mobile";"Casie MacBain";"2020-12-04";169544.95;137568.77;31976.18
"Bashirian, Okuneva and Bechtelar";"PC";"Tarrah Castelletti";"2019-11-09";58010.14;46089.06;11921.08
"Schowalter, Lesch and Beahan";"Mobile";"Bertha Walbrook";"2019-09-20";58933.16;51855.29;7077.87
"Johns and Sons";"PC";"Jay Morefield";"2019-03-09";165631.75;139114.11;26517.64
"Hermiston, Simonis and Wisoky";"PC";"Ora Grennan";"2019-03-21";76543.36;65819.64;10723.72
"Kihn Inc";"PC";"Avrit Chanders";"2020-12-08";82697.53;69548.62;13148.91
"Larkin-Collier";"PC";"Corene Shirer";"2019-12-08";135211.42;108534.21;26677.21
"Dibbert Inc";"PC";"Joshua Prevost";"2019-07-24";142353.07;116046.22;26306.85
"Johns and Sons";"PC";"Winny Agnolo";"2019-12-24";156177.77;130096.08;26081.69
"Romaguera-Haley";"PC";"Aurelie Wren";"2019-05-15";99832.12;84128.53;15703.59
"Friesen-Rath";"PC";"Genevra Charrisson";"2020-06-28";176662.26;146859.34;29802.92
"Stamm Inc";"PC";"Corene Shirer";"2020-11-05";156839.31;134709.28;22130.03
"Lubowitz, McLaughlin and Erdman";"PC";"Avrit Chanders";"2020-05-23";74685.85;59166.13;15519.72
"Romaguera-Dietrich";"PC";"Joshua Prevost";"2020-05-21";127830.38;103874.97;23955.41
"Friesen-Rath";"PC";"Mellicent Mattys";"2019-02-01";132246.48;106841.93;25404.55
"Farrell, Swaniawski and Crist";"Mobile";"Nero Harbisher";"2020-02-03";102073.04;81770.71;20302.33
"Hessel-Stiedemann";"Mobile";"Winny Agnolo";"2020-02-16";18897.97;16469.58;2428.39
"Fisher, Morar and Skiles";"PC";"Anita Woakes";"2019-07-13";144072.9;123729.81;20343.09
"Murray, Reichel and Nolan";"PC";"Madelon Bront";"2019-10-10";28755.32;23938.8;4816.52
"Friesen-Rath";"PC";"Palm Wetherald";"2019-04-04";161630.62;133991.78;27638.84
"Heaney, Gulgowski and Kshlerin";"Mobile";"Maighdiln Upcraft";"2019-02-06";234961.46;199388.3;35573.16
"Spencer, Rogahn and Muller";"Mobile";"Joshua Prevost";"2020-05-28";38536.92;32001.06;6535.86
"Johns and Sons";"Mobile";"Palm Wetherald";"2020-06-19";46857.77;39116.87;7740.9
"Schmitt, Purdy and Johnson";"PC";"Alyosha Meah";"2019-07-05";177215.51;155807.88;21407.63
"Johns and Sons";"PC";"Jay Morefield";"2020-11-14";149938.36;123579.2;26359.16
"Hegmann Group";"Tablet";"Alyosha Meah";"2019-08-06";157683.41;130624.94;27058.47
"Stehr LLC";"PC";"Shermy McGready";"2020-06-24";91108.56;74089.48;17019.08
"Armstrong-Little";"PC";"Crysta Halls";"2020-06-26";165259.58;130703.8;34555.78
"Romaguera-Dietrich";"PC";"Corene Shirer";"2019-06-28";223233.32;179100.09;44133.23
"McGlynn-Bergstrom";"Mobile";"Smitty Culverhouse";"2020-01-18";84767.77;68950.1;15817.67
"Swaniawski, Runolfsson and Green";"PC";"Manuel Goudie";"2020-04-08";144530.35;115407.48;29122.87
"O'Connell-Mitchell";"Mobile";"Winny Agnolo";"2020-02-07";178560.1;150383.32;28176.78
"Johns and Sons";"Mobile";"Winny Agnolo";"2020-12-27";96669.92;76475.57;20194.35
"Armstrong-Little";"PC";"Maighdiln Upcraft";"2019-02-26";35289.75;29424.59;5865.16
"Johns and Sons";"PC";"Smitty Culverhouse";"2020-06-26";159216.47;137419.74;21796.73
"Kihn Inc";"PC";"Aurelie Wren";"2020-03-22";32779.67;26800.66;5979.01
"Johns and Sons";"PC";"Brynn Dempster";"2020-12-04";64192.86;52837.14;11355.72
"Dibbert Inc";"PC";"Genevra Charrisson";"2019-05-29";47771.76;39234.95;8536.81
"Dibbert Inc";"PC";"Genevra Charrisson";"2019-09-26";126979.62;105113.73;21865.89
"Heaney, Gulgowski and Kshlerin";"PC";"Collin Mackness";"2020-01-03";46311.34;40564.1;5747.24
"Wisoky Inc";"Mobile";"Madelon Bront";"2020-05-04";92877.57;75936.7;16940.87
"Tillman and Sons";"PC";"Tarrah Castelletti";"2020-04-02";86854.64;72219.63;14635.01
"Kirlin and Sons";"PC";"Bunnie Tonbridge";"2020-09-15";68802.13;54635.77;14166.36
"Dibbert Inc";"Mobile";"Caro Morfield";"2020-05-21";103726.57;90231.74;13494.83
"Altenwerth-Konopelski";"Mobile";"Amelina Piscopiello";"2020-05-19";165262.34;142621.4;22640.94
"Johns and Sons";"PC";"Wat Bowkley";"2019-10-09";72385.53;60181.33;12204.2
"Christiansen, Donnelly and Bechtelar";"Mobile";"Caro Morfield";"2020-08-27";31627.37;25662.45;5964.92
"Hessel-Stiedemann";"Mobile";"Maighdiln Upcraft";"2019-06-20";232217.05;191439.74;40777.31
"Hessel-Stiedemann";"PC";"Amelina Piscopiello";"2020-05-26";99319.33;79127.71;20191.62
"Spencer, Rogahn and Muller";"PC";"Ora Grennan";"2019-08-04";125499.82;100977.16;24522.66
"Wisoky Inc";"PC";"Crysta Halls";"2020-01-19";66884.7;58544.18;8340.52
"Larkin-Collier";"PC";"Caro Morfield";"2019-02-23";20226.11;17408.61;2817.5
"Hegmann Group";"PC";"Tarrah Castelletti";"2019-05-03";50618.21;41835.95;8782.26
"Corwin and Sons";"Mobile";"Anita Woakes";"2020-10-10";39313.39;34273.41;5039.98
"Hartmann, Hane and Pfannerstill";"Tablet";"Winny Agnolo";"2019-07-10";146055.05;117822.61;28232.44
"Romaguera-Haley";"PC";"Anita Woakes";"2020-10-25";53093.47;42533.18;10560.29
"Johns and Sons";"PC";"Maighdiln Upcraft";"2019-02-09";176190.16;142273.55;33916.61
"Gislason-Stanton";"PC";"Maighdiln Upcraft";"2019-01-20";64827.8;56043.63;8784.17
"Wiza and Sons";"PC";"Perri Aldersley";"2019-08-05";123953.65;101939.48;22014.17
"Fisher, Morar and Skiles";"PC";"Aurelie Wren";"2020-06-03";19622.59;17148.18;2474.41
"Swaniawski, Runolfsson and Green";"PC";"Anita Woakes";"2019-04-30";146540.75;120822.85;25717.9
"Murray, Reichel and Nolan";"PC";"Bank Coumbe";"2020-12-16";139075.59;113708.2;25367.39
"Murray, Reichel and Nolan";"PC";"Ora Grennan";"2019-09-04";131864.04;110277.9;21586.14
"Johns and Sons";"PC";"Mellicent Mattys";"2019-05-08";130251.55;105386.53;24865.02
"Spencer, Rogahn and Muller";"PC";"Brynn Dempster";"2020-11-18";38930.16;32837.59;6092.57
"Smith Group";"PC";"Crysta Halls";"2019-05-07";219911.81;179426.05;40485.76
"Labadie and Sons";"PC";"Genevra Charrisson";"2020-02-21";49930.87;40174.38;9756.49
"Hessel-Stiedemann";"Mobile";"Aurelie Wren";"2019-08-12";57859.08;47756.88;10102.2
"Larkin-Collier";"PC";"Case Desorts";"2019-10-11";26745.94;22600.32;4145.62
"Johns and Sons";"Tablet";"Manuel Goudie";"2020-06-18";87205.01;69171.01;18034.0
"Dickinson, Hyatt and Berge";"Tablet";"Corene Shirer";"2019-07-24";216863.04;175355.45;41507.59
"Dickinson, Hyatt and Berge";"PC";"Smitty Culverhouse";"2020-07-22";154858.0;135376.86;19481.14
"Christiansen, Donnelly and Bechtelar";"PC";"Bunnie Tonbridge";"2019-06-05";167301.52;147074.77;20226.75
"Johns and Sons";"PC";"Amelina Piscopiello";"2019-01-09";38750.53;31298.8;7451.73
"O'Connell-Mitchell";"PC";"Mellicent Mattys";"2019-07-30";145809.65;123136.25;22673.4
"Friesen-Rath";"PC";"Casie MacBain";"2020-07-20";161823.46;130494.44;31329.02
"Hegmann Group";"PC";"Jocelyn Laurentino";"2020-09-24";175332.04;144999.6;30332.44
"Romaguera-Dietrich";"PC";"Tarrah Castelletti";"2020-04-29";97148.34;77806.11;19342.23
"Farrell, Swaniawski and Crist";"PC";"Alyosha Meah";"2020-10-18";146226.36;117916.94;28309.42
"Johns and Sons";"PC";"Brynn Dempster";"2019-08-23";139200.81;120172.06;19028.75
"Farrell, Swaniawski and Crist";"PC";"Perri Aldersley";"2020-07-14";84900.24;73701.9;11198.34
"Wyman Group";"Mobile";"Alyosha Meah";"2019-06-14";138443.23;115101.7;23341.53
"Hamill, Kulas and Roob";"PC";"Nero Harbisher";"2019-08-29";62708.6;51414.78;11293.82
"Zieme, Bailey and Herzog";"PC";"Corene Shirer";"2020-12-29";134807.18;108047.95;26759.23
"Walter LLC";"Mobile";"Brynn Dempster";"2019-09-11";108689.45;91223.06;17466.39
"Gislason-Stanton";"PC";"Winny Agnolo";"2019-02-23";0.0;52811.83;-52811.83
"Wunsch LLC";"PC";"Aurelie Wren";"2020-06-01";111551.96;89420.05;22131.91
"Hessel-Stiedemann";"PC";"Maighdiln Upcraft";"2020-03-26";89930.18;78005.44;11924.74
"Schmitt, Purdy and Johnson";"Tablet";"Nero Harbisher";"2020-10-17";50241.47;43443.8;6797.67
"Spencer, Rogahn and Muller";"PC";"Bunnie Tonbridge";"2020-01-22";76767.77;64500.28;12267.49
"Gislason-Stanton";"PC";"Brynn Dempster";"2020-03-19";60744.83;52805.48;7939.35
"Johns and Sons";"Mobile";"Avrit Chanders";"2020-08-09";122468.33;103032.61;19435.72
"Hessel-Stiedemann";"PC";"Smitty Culverhouse";"2020-05-08";74958.46;65806.03;9152.43
"Walter LLC";"PC";"Amelina Piscopiello";"2019-04-03";66678.38;53009.31;13669.07
"Rowe, Hermiston and Kessler";"PC";"Amelina Piscopiello";"2020-12-03";56106.13;45081.27;11024.86
"Larkin-Collier";"Mobile";"Alyosha Meah";"2019-09-29";64842.92;56439.28;8403.64
"Wiza and Sons";"PC";"Crysta Halls";"2019-10-25";45481.24;37317.36;8163.88
"Johns and Sons";"PC";"Wat Bowkley";"2020-08-23";107271.94;86665.0;20606.94
"Morissette Group";"PC";"Aurelie Wren";"2020-10-22";42847.46;34757.86;8089.6
"Bashirian, Okuneva and Bechtelar";"PC";"Madelon Bront";"2019-11-28";108978.79;95432.73;13546.06
"Keeling, Monahan and Pollich";"Mobile";"Avrit Chanders";"2020-01-08";133905.55;116886.15;17019.4
"Dickinson, Hyatt and Berge";"Mobile";"Genevra Charrisson";"2020-03-27";65014.84;53669.75;11345.09
"Christiansen, Donnelly and Bechtelar";"PC";"Madelon Bront";"2020-01-04";113763.38;91158.6;22604.78
"Morissette Group";"PC";"Jocelyn Laurentino";"2020-12-15";294874.74;259106.43;35768.31
"McGlynn-Prosacco";"PC";"Madelon Bront";"2020-11-13";73860.57;60336.7;13523.87
"Johns and Sons";"PC";"Jocelyn Laurentino";"2019-12-28";182852.21;145440.65;37411.56
"Lueilwitz, Kerluke and Lesch";"PC";"Casie MacBain";"2019-07-05";163546.81;133307.0;30239.81
"Kihn Inc";"PC";"Winny Agnolo";"2019-04-22";56768.43;47384.61;9383.82
"Kirlin and Sons";"Mobile";"Hortense Gerring";"2020-02-11";143107.89;121241.0;21866.89
"Farrell, Swaniawski and Crist";"Mobile";"Madelon Bront";"2019-03-09";115339.49;100691.37;14648.12
"Goldner-Dibbert";"PC";"Palm Wetherald";"2020-02-11";117358.02;102664.8;14693.22
"Wunsch LLC";"Tablet";"Alyosha Meah";"2020-09-03";54446.5;44989.14;9457.36
"McClure Inc";"PC";"Nero Harbisher";"2020-02-05";152771.9;134423.99;18347.91
"Johns and Sons";"Mobile";"Hortense Gerring";"2019-07-23";211872.69;177930.69;33942.0
"Armstrong-Little";"PC";"Avrit Chanders";"2020-08-02";77043.84;63245.29;13798.55
"Corwin and Sons";"PC";"Nero Harbisher";"2020-04-12";353925.06;287528.72;66396.34
"Tillman and Sons";"PC";"Jay Morefield";"2019-11-13";176080.36;153401.21;22679.15
"Hartmann, Hane and Pfannerstill";"PC";"Mellicent Mattys";"2019-03-06";180250.02;147354.39;32895.63
"Bashirian, Okuneva and Bechtelar";"Mobile";"Aurelie Wren";"2019-09-08";157754.36;132166.6;25587.76
"Tillman and Sons";"Mobile";"Winny Agnolo";"2019-01-17";87321.89;69254.99;18066.9
"Swaniawski, Runolfsson and Green";"Tablet";"Corene Shirer";"2020-02-28";40467.85;34656.67;5811.18
"McGlynn-Prosacco";"PC";"Genevra Charrisson";"2019-04-18";160763.9;131102.96;29660.94
"Schmitt, Purdy and Johnson";"PC";"Alyosha Meah";"2019-04-05";156505.37;128647.41;27857.96
"Dickinson, Hyatt and Berge";"PC";"Madelon Bront";"2019-04-09";118030.7;97304.51;20726.19
"Murray, Reichel and Nolan";"PC";"Tarrah Castelletti";"2019-02-20";15100.57;12113.68;2986.89
"McGlynn-Prosacco";"PC";"Corene Shirer";"2019-03-20";105833.52;85312.4;20521.12
"Walter LLC";"PC";"Cobby Andersen";"2020-01-03";43609.57;34634.72;8974.85
"Considine-Fisher";"PC";"Bunnie Tonbridge";"2020-09-10";165709.19;138102.04;27607.15
"Friesen-Rath";"Mobile";"Aurelie Wren";"2019-10-28";57367.93;46255.76;11112.17
"Johns and Sons";"Mobile";"Genevra Charrisson";"2020-12-12";222700.23;194951.78;27748.45
"Tillman and Sons";"PC";"Hortense Gerring";"2020-12-02";97514.7;80790.93;16723.77
"Johns and Sons";"PC";"Winny Agnolo";"2020-10-07";99064.31;85393.44;13670.87
"Dickinson, Hyatt and Berge";"PC";"Corene Shirer";"2019-12-12";254883.03;213413.56;41469.47
"Lueilwitz, Kerluke and Lesch";"PC";"Wat Bowkley";"2020-05-09";154078.75;131336.73;22742.02
"Walter LLC";"PC";"Bunnie Tonbridge";"2020-04-29";168178.03;142665.42;25512.61
"Kirlin and Sons";"PC";"Avrit Chanders";"2020-03-21";99132.04;78819.89;20312.15
"Christiansen, Donnelly and Bechtelar";"PC";"Palm Wetherald";"2019-09-12";292124.64;245822.88;46301.76
"McGlynn-Prosacco";"PC";"Anita Woakes";"2019-11-03";37081.31;31304.04;5777.27
"Stehr LLC";"PC";"Brynn Dempster";"2020-02-18";105374.44;89779.02;15595.42
"Johns and Sons";"PC";"Maighdiln Upcraft";"2020-11-24";176114.73;149257.23;26857.5
"Gorczany-Lehner";"Mobile";"Winny Agnolo";"2020-01-30";33724.53;26770.53;6954.0
"Farrell, Swaniawski and Crist";"Tablet";"Mellicent Mattys";"2019-09-07";194531.02;158970.75;35560.27
"McGlynn-Bergstrom";"PC";"Crysta Halls";"2019-08-16";171458.64;148877.54;22581.1
"Morissette Group";"PC";"Brynn Dempster";"2020-10-17";97641.25;83414.92;14226.33
"Fisher, Morar and Skiles";"PC";"Avrit Chanders";"2020-05-08";150287.47;123611.44;26676.03
"Hermiston, Simonis and Wisoky";"PC";"Winny Agnolo";"2020-08-30";156585.22;126599.15;29986.07
"Larkin-Collier";"PC";"Alyosha Meah";"2020-05-09";66225.71;52437.52;13788.19
"Romaguera-Haley";"PC";"Amelina Piscopiello";"2019-04-18";167935.31;137942.06;29993.25
"Homenick-Marvin";"PC";"Ora Grennan";"2020-03-02";35437.89;30412.8;5025.09
"O'Connell-Mitchell";"PC";"Corene Shirer";"2020-10-28";133072.0;108600.06;24471.94
"Armstrong-Little";"PC";"Amelina Piscopiello";"2020-03-26";95307.21;78533.14;16774.07
"Wunsch LLC";"PC";"Winny Agnolo";"2020-07-17";36534.09;31138.0;5396.09
"Considine-Fisher";"PC";"Smitty Culverhouse";"2020-10-02";98746.66;80399.53;18347.13
"Romaguera-Dietrich";"PC";"Wat Bowkley";"2020-03-05";133057.07;113351.32;19705.75
"Christiansen, Donnelly and Bechtelar";"PC";"Ora Grennan";"2019-12-13";197581.29;169485.23;28096.06
"Armstrong-Little";"Mobile";"Collin Mackness";"2020-03-04";93153.98;79702.55;13451.43
"Christiansen, Donnelly and Bechtelar";"PC";"Hortense Gerring";"2020-06-01";53181.88;42316.82;10865.06
"Hessel-Stiedemann";"Mobile";"Genevra Charrisson";"2019-10-24";112491.58;92254.34;20237.24
"Stamm Inc";"PC";"Smitty Culverhouse";"2020-05-10";56570.64;46993.23;9577.41
"Kihn Inc";"PC";"Maighdiln Upcraft";"2019-01-21";134243.39;113019.51;21223.88
"Hilll-Vandervort";"PC";"Aurelie Wren";"2020-08-26";127482.28;108614.9;18867.38
"Hilll-Vandervort";"Tablet";"Avrit Chanders";"2019-04-30";155827.3;126360.36;29466.94
"Larkin-Collier";"PC";"Smitty Culverhouse";"2020-01-28";115538.34;99686.48;15851.86
"Schoen-Keeling";"Mobile";"Aurelie Wren";"2020-07-07";45725.53;36571.28;9154.25
"Zieme, Bailey and Herzog";"PC";"Ora Grennan";"2019-03-10";57292.84;45908.75;11384.09
"Wisoky Inc";"PC";"Smitty Culverhouse";"2020-02-11";166367.16;135788.88;30578.28
"Tillman and Sons";"Mobile";"Ora Grennan";"2020-09-16";75264.84;61694.59;13570.25
"Goldner-Dibbert";"PC";"Bertha Walbrook";"2019-08-13";77855.47;63545.63;14309.84
"Spencer, Rogahn and Muller";"PC";"Hortense Gerring";"2019-06-25";119409.43;102656.29;16753.14
"Lubowitz, McLaughlin and Erdman";"Mobile";"Crysta Halls";"2020-04-02";85337.78;72306.7;13031.08
"Swaniawski, Runolfsson and Green";"PC";"Genevra Charrisson";"2020-08-11";100094.97;84690.35;15404.62
"West-Cummings";"PC";"Wat Bowkley";"2020-05-06";293767.28;254079.32;39687.96
"Franecki-White";"PC";"Anita Woakes";"2019-12-18";207379.28;166442.61;40936.67
"Johns and Sons";"";"Alyosha Meah";"2019-10-03";56717.53;45101.78;11615.75
"Keeling, Monahan and Pollich";"PC";"Maighdiln Upcraft";"2019-06-26";195214.72;154649.1;40565.62
"Heaney, Gulgowski and Kshlerin";"Tablet";"Hortense Gerring";"2020-04-01";110441.89;90970.98;19470.91
"Johns and Sons";"PC";"Madelon Bront";"2019-04-25";112909.4;93940.62;18968.78
"Smith Group";"PC";"Genevra Charrisson";"2019-12-25";290010.79;234444.72;55566.07
"Hessel-Stiedemann";"PC";"Amelina Piscopiello";"2020-09-03";108713.83;90341.19;18372.64
"Dickinson, Hyatt and Berge";"PC";"Alyosha Meah";"2019-02-25";110837.96;92106.34;18731.62
"Wisoky Inc";"PC";"Corene Shirer";"2020-04-01";178027.46;144985.56;33041.9
"Walter LLC";"PC";"Hortense Gerring";"2020-09-11";57345.79;45716.06;11629.73
"Schowalter, Lesch and Beahan";"Mobile";"Avrit Chanders";"2020-10-04";63298.61;53645.57;9653.04
"Dickinson, Hyatt and Berge";"PC";"Jay Morefield";"2019-02-19";28328.78;24408.08;3920.7
"Considine-Fisher";"PC";"Winny Agnolo";"2020-04-26";169262.2;141080.04;28182.16
"Rowe, Hermiston and Kessler";"PC";"Amelina Piscopiello";"2019-09-26";67594.1;54920.21;12673.89
"Wisoky Inc";"PC";"Amelina Piscopiello";"2020-10-30";143658.22;123158.19;20500.03
"Hessel-Stiedemann";"PC";"Bernadine Fullagar";"2020-11-20";33210.56;29109.06;4101.5
"Romaguera-Haley";"PC";"Smitty Culverhouse";"2019-03-28";21341.66;16930.34;4411.32
"Kihn Inc";"Mobile";"Corene Shirer";"2019-01-18";129353.22;111593.02;17760.2
"Dibbert Inc";"PC";"Maighdiln Upcraft";"2019-03-29";28783.05;24776.45;4006.6
"Farrell, Swaniawski and Crist";"PC";"Bunnie Tonbridge";"2020-01-21";165747.2;132912.68;32834.52
"Smith Group";"PC";"Crysta Halls";"2019-03-02";87355.7;74584.3;12771.4
"Friesen and Sons";"Mobile";"Winny Agnolo";"2019-04-12";66391.58;52635.24;13756.34
"Hamill, Kulas and Roob";"Mobile";"Hortense Gerring";"2019-08-02";43066.58;36154.39;6912.19
"Bashirian, Okuneva and Bechtelar";"PC";"Aurelie Wren";"2020-07-05";109713.84;95769.21;13944.63
"Stamm-Zulauf";"PC";"Nero Harbisher";"2019-07-19";43008.69;34458.56;8550.13
"Friesen-Rath";"PC";"Shermy McGready";"2020-05-22";40187.99;32508.07;7679.92
"Hessel-Stiedemann";"Mobile";"Aurelie Wren";"2019-01-21";84224.98;68239.08;15985.9
"Johns and Sons";"PC";"Amelina Piscopiello";"2020-04-04";57276.26;49223.22;8053.04
"Tromp LLC";"PC";"Hortense Gerring";"2020-09-04";172340.86;136562.9;35777.96
"Smith Group";"Mobile";"Mellicent Mattys";"2019-08-09";25816.05;21447.97;4368.08
"Rowe, Hermiston and Kessler";"PC";"Ora Grennan";"2019-06-30";238850.25;199607.15;39243.1
"Johns and Sons";"Mobile";"Collin Mackness";"2020-02-07";118061.05;101131.1;16929.95
"Hessel-Stiedemann";"PC";"Crysta Halls";"2020-09-28";121043.69;96750.22;24293.47
"Lueilwitz, Kerluke and Lesch";"PC";"Caro Morfield";"2019-12-02";24787.65;20454.77;4332.88
"Kihn Inc";"PC";"Crysta Halls";"2019-06-11";86628.32;72464.59;14163.73
"Friesen-Rath";"PC";"Ora Grennan";"2020-06-29";154936.24;135739.64;19196.6
"Bashirian, Okuneva and Bechtelar";"Mobile";"Avrit Chanders";"2020-09-08";36183.97;30579.07;5604.9
"Swaniawski, Runolfsson and Green";"PC";"Avrit Chanders";"2019-11-15";71079.8;56778.54;14301.26
"Armstrong-Little";"PC";"Ora Grennan";"2019-08-06";111676.46;92791.97;18884.49
"McGlynn-Bergstrom";"PC";"Anita Woakes";"2020-08-26";137026.71;120117.61;16909.1
"Keeling, Monahan and Pollich";"Mobile";"Tarrah Castelletti";"2020-01-19";84537.2;69405.04;15132.16
"Hilll-Vandervort";"PC";"Caro Morfield";"2019-01-12";140352.81;122303.44;18049.37
"Schoen-Keeling";"";"Smitty Culverhouse";"2019-05-02";71620.08;62245.01;9375.07
"O'Connell-Mitchell";"PC";"Aurelie Wren";"2020-10-06";227830.33;182173.13;45657.2
"Christiansen, Donnelly and Bechtelar";"PC";"Maighdiln Upcraft";"2019-12-25";235042.75;187446.59;47596.16
"Christiansen, Donnelly and Bechtelar";"PC";"Smitty Culverhouse";"2020-06-01";50303.66;41103.12;9200.54
"Larkin-Collier";"PC";"Maighdiln Upcraft";"2020-06-26";131097.05;109203.84;21893.21
"Hartmann, Hane and Pfannerstill";"Tablet";"Wat Bowkley";"2019-06-20";204138.34;165617.44;38520.9
"Considine-Fisher";"Tablet";"Aurelie Wren";"2020-01-20";37273.84;31559.76;5714.08
"Considine-Fisher";"PC";"Crysta Halls";"2019-07-24";109697.86;89853.52;19844.34
"Johns and Sons";"PC";"Perri Aldersley";"2019-02-13";42475.6;35802.68;6672.92
"Johns and Sons";"PC";"Bertha Walbrook";"2019-06-11";81412.1;64747.04;16665.06
"Gislason-Stanton";"PC";"Winny Agnolo";"2020-07-11";126074.62;100027.6;26047.02
"Dibbert Inc";"PC";"Anita Woakes";"2019-12-02";80867.18;63982.11;16885.07
"Johns and Sons";"PC";"Genevra Charrisson";"2019-06-08";149486.27;118662.2;30824.07
"Hermiston, Simonis and Wisoky";"PC";"Bernadine Fullagar";"2020-11-11";111106.06;93195.76;17910.3
"Altenwerth-Konopelski";"PC";"Avrit Chanders";"2019-07-15";115689.22;98127.6;17561.62
"Stamm Inc";"PC";"Alyosha Meah";"2019-01-27";147994.63;129643.3;18351.33
"Armstrong-Little";"PC";"Bernadine Fullagar";"2020-01-28";122998.65;97476.43;25522.22
"McGlynn-Bergstrom";"PC";"Avrit Chanders";"2019-06-15";79833.6;63411.83;16421.77
"Wiza and Sons";"PC";"Avrit Chanders";"2019-01-27";90228.68;77966.6;12262.08
"Stamm-Zulauf";"PC";"Tarrah Castelletti";"2019-11-26";68086.96;58759.05;9327.91
"Morissette Group";"Tablet";"Hortense Gerring";"2019-09-04";172202.38;149816.07;22386.31
"Murray, Reichel and Nolan";"PC";"Avrit Chanders";"2019-11-04";144640.8;118345.1;26295.7
"Armstrong-Little";"PC";"Anita Woakes";"2020-03-05";152747.92;130614.75;22133.17
"Johns and Sons";"PC";"Ora Grennan";"2019-05-20";48890.14;41180.16;7709.98
"Walter LLC";"PC";"Aurelie Wren";"2020-07-06";177919.14;147370.42;30548.72
"Schmitt, Purdy and Johnson";"PC";"Jocelyn Laurentino";"2019-11-01";68984.17;59560.93;9423.24
"Altenwerth-Konopelski";"PC";"Bernadine Fullagar";"2019-05-06";230669.37;182321.07;48348.3
"Armstrong-Little";"PC";"Winny Agnolo";"2019-03-25";91561.49;78266.76;13294.73
"Gleichner-Green";"PC";"Tarrah Castelletti";"2020-10-31";89502.53;72488.1;17014.43
"Tillman and Sons";"PC";"Smitty Culverhouse";"2020-02-06";116023.51;96566.37;19457.14
"O'Connell-Mitchell";"PC";"Alyosha Meah";"2019-01-29";83119.87;69604.58;13515.29
"Larkin-Collier";"PC";"Hortense Gerring";"2019-01-13";126974.92;101516.45;25458.47
"Kihn Inc";"PC";"Crysta Halls";"2019-01-13";40535.64;35480.85;5054.79
"Corwin and Sons";"Mobile";"Caro Morfield";"2020-08-16";88329.48;73755.12;14574.36
"Walter LLC";"Tablet";"Avrit Chanders";"2019-10-11";42290.45;34255.26;8035.19
"Labadie and Sons";"PC";"Caro Morfield";"2019-01-14";100578.6;83208.68;17369.92
"McGlynn-Bergstrom";"PC";"Bernadine Fullagar";"2019-02-14";138153.7;112926.83;25226.87
"Parisian, Steuber and Satterfield";"Tablet";"Hortense Gerring";"2020-01-14";120332.26;102282.42;18049.84
"Zieme, Bailey and Herzog";"PC";"Bunnie Tonbridge";"2020-03-25";85294.3;72662.21;12632.09
"Konopelski LLC";"PC";"Amelina Piscopiello";"2020-06-02";110878.97;90588.12;20290.85
"Dibbert Inc";"PC";"Palm Wetherald";"2020-02-10";77278.68;62951.21;14327.47
"Gislason-Stanton";"Mobile";"Avrit Chanders";"2020-08-08";141112.84;120044.69;21068.15
"Schowalter, Lesch and Beahan";"PC";"Jay Morefield";"2019-09-04";173722.59;148063.76;25658.83
"Dibbert Inc";"PC";"Crysta Halls";"2019-08-07";47680.2;40575.85;7104.35
"Heaney, Gulgowski and Kshlerin";"Mobile";"Palm Wetherald";"2020-08-31";50495.53;40749.89;9745.64
"Tillman and Sons";"PC";"Madelon Bront";"2020-11-03";114427.36;93727.45;20699.91
"Murray, Reichel and Nolan";"PC";"Madelon Bront";"2020-05-18";44147.92;37163.72;6984.2
"Hegmann Group";"PC";"Avrit Chanders";"2020-05-17";37397.43;30837.92;6559.51
"Tillman and Sons";"PC";"Corene Shirer";"2019-08-22";168773.6;137398.59;31375.01
"Corwin and Sons";"PC";"Madelon Bront";"2019-08-15";71049.09;58842.86;12206.23
"Altenwerth-Konopelski";"PC";"Avrit Chanders";"2020-02-13";62788.04;53049.61;9738.43
"Armstrong-Little";"PC";"Crysta Halls";"2020-12-15";249915.21;215326.95;34588.26
"Johns and Sons";"PC";"Mellicent Mattys";"2019-09-08";178189.57;153421.22;24768.35
"Schoen-Keeling";"PC";"Tarrah Castelletti";"2020-08-23";103839.74;90683.24;13156.5
"Dickinson, Hyatt and Berge";"PC";"Hortense Gerring";"2019-11-06";55132.39;47121.65;8010.74
"Shanahan, Schaden and Parker";"PC";"Corene Shirer";"2020-12-08";163492.16;134178.02;29314.14
"Larkin-Collier";"PC";"Caro Morfield";"2020-11-20";36644.05;30491.51;6152.54
"West-Cummings";"PC";"Anita Woakes";"2019-05-13";43158.94;36244.88;6914.06
"Keeling, Monahan and Pollich";"PC";"Jay Morefield";"2020-07-20";227856.66;199010.01;28846.65
"Larkin-Collier";"PC";"Corene Shirer";"2019-09-27";162637.68;130402.89;32234.79
"Wunsch LLC";"PC";"Genevra Charrisson";"2019-04-12";304337.49;261730.24;42607.25
"Hegmann Group";"Mobile";"Crysta Halls";"2020-08-27";63690.72;53455.62;10235.1
"Johns and Sons";"PC";"Alyosha Meah";"2019-05-16";43243.45;37764.5;5478.95
"Swaniawski, Runolfsson and Green";"Tablet";"Jay Morefield";"2020-05-03";21921.66;18802.21;3119.45
"Farrell, Swaniawski and Crist";"PC";"Madelon Bront";"2020-10-25";115151.22;91430.07;23721.15
"Johns and Sons";"PC";"Anita Woakes";"2020-05-23";69565.47;57808.91;11756.56
"Hessel-Stiedemann";"PC";"Perri Aldersley";"2020-01-03";42028.45;36299.97;5728.48
"Hessel-Stiedemann";"Mobile";"Smitty Culverhouse";"2020-10-05";78461.13;63537.82;14923.31
"Johns and Sons";"PC";"Crysta Halls";"2019-06-28";197471.1;162577.96;34893.14
"Hartmann, Hane and Pfannerstill";"PC";"Aurelie Wren";"2019-08-13";119937.47;98720.53;21216.94
"Romaguera-Haley";"Mobile";"Madelon Bront";"2019-10-10";106076.67;84765.87;21310.8
"Corwin and Sons";"PC";"Crysta Halls";"2019-03-13";75522.66;60448.34;15074.32
"Bashirian, Okuneva and Bechtelar";"PC";"Jay Morefield";"2020-11-01";119769.22;98234.71;21534.51
"Kihn Inc";"PC";"Crysta Halls";"2019-01-13";168197.78;144246.42;23951.36
"Hessel-Stiedemann";"PC";"Amelina Piscopiello";"2019-09-30";68773.03;59082.91;9690.12
"Romaguera-Haley";"PC";"Caro Morfield";"2019-02-20";62272.96;54600.93;7672.03
"Smith Group";"PC";"Amelina Piscopiello";"2019-02-11";165118.74;137527.4;27591.34
"Larkin-Collier";"PC";"Aurelie Wren";"2020-06-21";122035.93;97897.22;24138.71
"Connelly-Mohr";"PC";"Tarrah Castelletti";"2019-07-13";117733.51;97294.97;20438.54
"Schmitt, Purdy and Johnson";"PC";"Tarrah Castelletti";"2020-06-14";240759.07;205415.64;35343.43
"Wisoky Inc";"Mobile";"Hortense Gerring";"2019-01-07";147895.45;120416.48;27478.97
"Stehr-Bogan";"PC";"Caro Morfield";"2020-06-23";205059.8;173029.46;32030.34
"Johns and Sons";"PC";"Shermy McGready";"2019-09-02";81482.69;64721.7;16760.99
"Altenwerth-Konopelski";"PC";"Avrit Chanders";"2020-01-25";168226.52;136818.63;31407.89
"Schuster Inc";"Mobile";"Corene Shirer";"2019-05-12";201573.23;166116.5;35456.73
"Romaguera-Dietrich";"PC";"Hortense Gerring";"2020-10-06";172989.17;142975.55;30013.62
"Hessel-Stiedemann";"PC";"Brynn Dempster";"2020-11-23";158240.24;136561.33;21678.91
"Johns and Sons";"PC";"Avrit Chanders";"2019-01-29";173478.65;139650.31;33828.34
"Hessel-Stiedemann";"PC";"Shermy McGready";"2019-05-20";174271.91;142083.89;32188.02
"Altenwerth-Konopelski";"PC";"Palm Wetherald";"2020-03-21";55539.67;45620.29;9919.38
"Leffler, Prohaska and Streich";"PC";"Aurelie Wren";"2019-11-25";57120.58;0.0;57120.58
"Hilll-Vandervort";"PC";"Madelon Bront";"2020-10-15";36749.51;30101.52;6647.99
"Smith Group";"Tablet";"Winny Agnolo";"2019-02-25";19949.11;16364.25;3584.86
"Gislason-Stanton";"PC";"Amelina Piscopiello";"2019-02-16";105522.72;86581.39;18941.33
"Hane Inc";"PC";"Brynn Dempster";"2020-02-04";131018.65;107920.06;23098.59
"Johns and Sons";"PC";"Crysta Halls";"2019-01-02";56705.66;46986.31;9719.35
"Corwin and Sons";"PC";"Brynn Dempster";"2019-10-09";148212.23;123030.97;25181.26
"Spencer, Rogahn and Muller";"PC";"Ora Grennan";"2020-03-11";138175.53;116744.51;21431.02
"Hamill, Kulas and Roob";"PC";"Palm Wetherald";"2020-01-15";135424.06;116275.1;19148.96
"Johns and Sons";"PC";"Bunnie Tonbridge";"2020-12-13";58921.31;51715.23;7206.08
"Swaniawski, Runolfsson and Green";"PC";"Caro Morfield";"2020-03-28";74273.54;61981.27;12292.27
"Hermiston, Simonis and Wisoky";"PC";"Caro Morfield";"2020-01-31";116469.33;95190.38;21278.95
"Bashirian, Okuneva and Bechtelar";"Mobile";"Smitty Culverhouse";"2020-10-18";149514.0;122646.33;26867.67
"Wisoky Inc";"PC";"Tarrah Castelletti";"2019-04-07";161192.45;135965.83;25226.62
"Zieme, Bailey and Herzog";"Mobile";"Avrit Chanders";"2020-12-26";84194.21;71885.02;12309.19
"Wisoky Inc";"PC";"Avrit Chanders";"2019-04-22";163401.23;139413.93;23987.3
"O'Connell-Mitchell";"PC";"Corene Shirer";"2020-04-30";131610.37;106406.98;25203.39
"Leffler, Prohaska and Streich";"PC";"Maighdiln Upcraft";"2019-01-02";110090.36;93433.69;16656.67
"Johns and Sons";"PC";"Jay Morefield";"2019-10-23";169629.55;135347.42;34282.13
"Jacobson, Marvin and Brown";"PC";"Tarrah Castelletti";"2020-06-25";185778.3;154734.75;31043.55
"Goldner-Dibbert";"PC";"Corene Shirer";"2019-05-06";147656.52;124193.9;23462.62
"Walter LLC";"PC";"Tarrah Castelletti";"2019-08-06";296844.24;244926.18;51918.06
"Homenick-Marvin";"Tablet";"Brynn Dempster";"2020-08-08";179323.22;150739.1;28584.12
"Schuster Inc";"PC";"Nero Harbisher";"2019-12-23";203231.73;163052.82;40178.91
"Hessel-Stiedemann";"PC";"Brynn Dempster";"2020-06-23";157942.65;136620.39;21322.26
"McClure Inc";"PC";"Maighdiln Upcraft";"2019-11-24";102771.44;83584.01;19187.43
"Gislason-Stanton";"Tablet";"Hortense Gerring";"2020-11-28";41921.61;34773.98;7147.63
"Hessel-Stiedemann";"PC";"Smitty Culverhouse";"2020-08-03";107232.99;85207.33;22025.66
"Tillman and Sons";"PC";"Madelon Bront";"2020-11-21";45261.84;37816.27;7445.57
"Johns and Sons";"PC";"Ora Grennan";"2020-02-01";74103.82;64811.2;9292.62
"Schmitt, Purdy and Johnson";"PC";"Tarrah Castelletti";"2020-06-30";263713.12;216165.64;47547.48
"Goldner-Dibbert";"PC";"Crysta Halls";"2020-05-21";80839.75;63936.16;16903.59
"Romaguera-Dietrich";"PC";"Crysta Halls";"2020-07-09";144927.17;122260.56;22666.61
"Farrell, Swaniawski and Crist";"Mobile";"Smitty Culverhouse";"2019-05-31";30550.32;25457.58;5092.74
"Dibbert Inc";"PC";"Amelina Piscopiello";"2019-09-23";173829.96;149824.04;24005.92
"Farrell, Swaniawski and Crist";"PC";"Casie MacBain";"2020-04-08";76652.73;64311.64;12341.09
"Kirlin and Sons";"PC";"Amelina Piscopiello";"2019-05-20";164243.32;134121.1;30122.22
"Konopelski LLC";"PC";"Genevra Charrisson";"2020-06-12";152865.34;121130.5;31734.84
"Dibbert Inc";"PC";"Palm Wetherald";"2020-07-12";119819.37;105441.05;14378.32
"Walter LLC";"PC";"Casie MacBain";"2019-12-20";190100.96;160749.37;29351.59
"Tillman and Sons";"PC";"Cobby Andersen";"2019-03-15";39287.29;31708.77;7578.52
"Farrell, Swaniawski and Crist";"PC";"Brynn Dempster";"2020-08-18";105340.85;87285.43;18055.42
"Goldner-Dibbert";"PC";"Amelina Piscopiello";"2020-10-24";57333.85;46308.55;11025.3
"Hessel-Stiedemann";"PC";"Crysta Halls";"2019-12-01";57348.43;47587.73;9760.7
"Hessel-Stiedemann";"PC";"Jay Morefield";"2019-03-22";24543.72;19492.62;5051.1
"Corwin and Sons";"PC";"Tarrah Castelletti";"2019-11-29";30166.93;24658.45;5508.48
"Wyman Group";"PC";"Brynn Dempster";"2020-06-07";253580.08;212449.39;41130.69
"Lind, Mueller and Stoltenberg";"Mobile";"Aurelie Wren";"2019-03-27";57115.99;48976.96;8139.03
"McGlynn-Prosacco";"PC";"Jocelyn Laurentino";"2019-01-17";72002.26;56996.99;15005.27
"Jacobson, Marvin and Brown";"PC";"Tarrah Castelletti";"2019-12-28";255216.0;211446.46;43769.54
"Johns and Sons";"PC";"Shermy McGready";"2019-05-17";42239.66;37039.96;5199.7
"Tromp LLC";"PC";"Anita Woakes";"2020-01-18";139682.07;113212.32;26469.75
"Hegmann Group";"Mobile";"Nero Harbisher";"2020-07-05";105678.39;89720.95;15957.44
"Lubowitz, McLaughlin and Erdman";"PC";"Caro Morfield";"2020-05-19";85156.7;69479.35;15677.35
"Smith Group";"PC";"Bank Coumbe";"2020-12-03";51090.76;40739.77;10350.99
"Kihn Inc";"PC";"Winny Agnolo";"2020-04-12";308763.51;245714.0;63049.51
"Hessel-Stiedemann";"PC";"Nero Harbisher";"2019-09-08";138249.77;120277.3;17972.47
"Walter LLC";"Mobile";"Tarrah Castelletti";"2020-12-03";42611.78;35755.54;6856.24
"Walter LLC";"PC";"Maighdiln Upcraft";"2019-05-26";141436.98;114691.25;26745.73
"Homenick-Marvin";"Tablet";"Corene Shirer";"2019-09-05";41016.31;32985.32;8030.99
"Johns and Sons";"PC";"Hortense Gerring";"2020-05-11";144237.38;116111.09;28126.29
"Tillman and Sons";"PC";"Alyosha Meah";"2019-04-02";91350.76;75839.4;15511.36
"Hartmann, Hane and Pfannerstill";"PC";"Cobby Andersen";"2020-09-17";31936.44;27708.06;4228.38
"Christiansen, Donnelly and Bechtelar";"Tablet";"Avrit Chanders";"2019-07-05";79205.19;65423.49;13781.7
"Romaguera-Dietrich";"Tablet";"Avrit Chanders";"2020-03-09";111462.88;94130.4;17332.48
"Shanahan, Schaden and Parker";"Tablet";"Crysta Halls";"2019-09-15";85220.83;73767.15;11453.68
"Altenwerth-Konopelski";"PC";"Madelon Bront";"2019-01-25";89639.28;77788.97;11850.31
"Hermiston, Simonis and Wisoky";"PC";"Hortense Gerring";"2020-05-24";116556.81;95448.37;21108.44
"Hamill, Kulas and Roob";"PC";"Brynn Dempster";"2020-08-05";179184.12;142433.46;36750.66
"Murray, Reichel and Nolan";"PC";"Mellicent Mattys";"2020-05-20";55882.12;48561.56;7320.56
"Johns and Sons";"PC";"Bertha Walbrook";"2020-09-27";68288.68;56754.72;11533.96
"Rowe, Hermiston and Kessler";"PC";"Alyosha Meah";"2019-08-22";102299.92;81706.95;20592.97
"Schmitt, Purdy and Johnson";"PC";"Avrit Chanders";"2020-12-20";264149.91;208757.67;55392.24
"Friesen-Rath";"PC";"Nero Harbisher";"2020-03-23";54566.99;43757.27;10809.72
"Schowalter, Lesch and Beahan";"PC";"Smitty Culverhouse";"2019-02-07";242192.19;213104.91;29087.28
"Altenwerth-Konopelski";"Mobile";"Aurelie Wren";"2020-01-21";74364.46;60145.98;14218.48
"Zieme, Bailey and Herzog";"PC";"Corene Shirer";"2020-05-28";164117.24;133509.37;30607.87
"Labadie and Sons";"PC";"Madelon Bront";"2019-04-26";40831.52;34192.31;6639.21
"Johns and Sons";"Tablet";"Bertha Walbrook";"2019-12-22";178763.42;146621.76;32141.66
"Smith Group";"PC";"Shermy McGready";"2019-08-05";152231.86;122303.08;29928.78
"Stamm-Zulauf";"PC";"Genevra Charrisson";"2019-12-06";96358.45;80700.2;15658.25
"Schowalter, Lesch and Beahan";"PC";"Crysta Halls";"2019-09-27";116328.75;93365.45;22963.3
"Johns and Sons";"PC";"Hortense Gerring";"2019-08-07";79288.03;68536.57;10751.46
"Armstrong-Little";"PC";"Genevra Charrisson";"2019-07-10";50374.22;44047.22;6327.0
"Tillman and Sons";"PC";"Palm Wetherald";"2019-01-17";135344.52;117492.58;17851.94
"Dickinson, Hyatt and Berge";"Mobile";"Hortense Gerring";"2020-11-04";112481.44;96700.29;15781.15
"Hamill, Kulas and Roob";"PC";"Wat Bowkley";"2019-06-25";41675.01;33765.09;7909.92
"Hessel-Stiedemann";"PC";"Maighdiln Upcraft";"2019-05-19";173418.59;140746.53;32672.06
"Johns and Sons";"PC";"Genevra Charrisson";"2019-07-27";146076.81;123230.4;22846.41
"Zieme, Bailey and Herzog";"PC";"Anita Woakes";"2019-10-22";179179.73;154936.71;24243.02
"Johns and Sons";"Mobile";"Hortense Gerring";"2020-06-13";126021.1;101762.04;24259.06
"Romaguera-Dietrich";"PC";"Amelina Piscopiello";"2020-11-28";33013.08;26743.9;6269.18
"Johns and Sons";"PC";"Madelon Bront";"2020-04-10";156453.01;128494.86;27958.15
"Franecki-White";"PC";"Aurelie Wren";"2020-10-22";165696.9;132275.84;33421.06
"Hessel-Stiedemann";"Mobile";"Amelina Piscopiello";"2020-09-12";274242.36;227950.25;46292.11
"Zieme, Bailey and Herzog";"Tablet";"Madelon Bront";"2019-10-19";97063.22;78067.95;18995.27
"Wiza and Sons";"Mobile";"Caro Morfield";"2020-03-11";174919.64;146845.04;28074.6
"Bashirian, Okuneva and Bechtelar";"Mobile";"Aurelie Wren";"2019-07-31";77522.57;64227.45;13295.12
"Johns and Sons";"PC";"Corene Shirer";"2020-08-10";55790.71;48783.4;7007.31
"Swaniawski, Runolfsson and Green";"Mobile";"Palm Wetherald";"2020-04-30";127591.73;108988.86;18602.87
"Corwin and Sons";"PC";"Aurelie Wren";"2019-07-01";101846.87;88066.99;13779.88
"Lubowitz, McLaughlin and Erdman";"PC";"Maighdiln Upcraft";"2019-04-21";118021.59;98229.37;19792.22
"Labadie and Sons";"PC";"Genevra Charrisson";"2019-09-25";66613.31;55462.24;11151.07
"Marquardt-Kuvalis";"PC";"Genevra Charrisson";"2019-03-29";91842.59;73979.21;17863.38
"Altenwerth-Konopelski";"PC";"Crysta Halls";"2020-09-10";108158.8;89328.35;18830.45
"Hegmann Group";"Mobile";"Smitty Culverhouse";"2019-12-10";38982.26;32854.25;6128.01
"McClure Inc";"PC";"Corene Shirer";"2019-07-28";181882.43;149834.75;32047.68
"McClure Inc";"Mobile";"Perri Aldersley";"2019-11-03";59163.79;50419.38;8744.41
"Schoen-Keeling";"Mobile";"Avrit Chanders";"2019-09-30";94925.0;77572.71;17352.29
"McGlynn-Prosacco";"PC";"Tarrah Castelletti";"2020-05-24";79088.7;67415.21;11673.49
"Hilll-Vandervort";"PC";"Crysta Halls";"2020-08-10";164267.72;139069.05;25198.67
"Stehr LLC";"PC";"Maighdiln Upcraft";"2019-07-22";156110.4;132584.56;23525.84
"Romaguera-Dietrich";"PC";"Winny Agnolo";"2020-01-27";80013.81;65587.32;14426.49
"Johns and Sons";"PC";"Madelon Bront";"2020-12-08";57347.48;50041.41;7306.07
"Dickinson, Hyatt and Berge";"PC";"Corene Shirer";"2019-12-03";99518.86;81854.26;17664.6
"Swaniawski, Runolfsson and Green";"Mobile";"Nero Harbisher";"2019-06-05";104152.15;85696.39;18455.76
"Romaguera-Haley";"PC";"Brynn Dempster";"2020-02-10";172505.24;139125.48;33379.76
"Labadie and Sons";"PC";"Smitty Culverhouse";"2020-07-14";48763.58;39435.11;9328.47
"Schowalter, Lesch and Beahan";"PC";"Aurelie Wren";"2020-09-10";65760.39;56672.3;9088.09
"Wiza and Sons";"PC";"Nero Harbisher";"2020-06-19";200472.46;170181.07;30291.39
"Gislason-Stanton";"Tablet";"Genevra Charrisson";"2019-11-13";86071.63;71198.45;14873.18
"Johns and Sons";"PC";"Caro Morfield";"2019-05-25";53957.42;46905.19;7052.23
"Hegmann Group";"Tablet";"Wat Bowkley";"2020-07-27";235608.66;201468.96;34139.7
"Johns and Sons";"PC";"Mellicent Mattys";"2020-07-31";52388.85;45641.17;6747.68
"Hegmann Group";"PC";"Tarrah Castelletti";"2019-10-11";133055.04;105366.29;27688.75
"Farrell, Swaniawski and Crist";"PC";"Corene Shirer";"2019-03-14";52227.07;45124.19;7102.88
"Dickinson, Hyatt and Berge";"PC";"Maighdiln Upcraft";"2020-07-18";124534.96;107012.89;17522.07
"Tillman and Sons";"Mobile";"Amelina Piscopiello";"2019-09-18";174951.18;142690.18;32261.0
"Johns and Sons";"PC";"Smitty Culverhouse";"2019-01-06";76943.74;62870.73;14073.01
"Murray, Reichel and Nolan";"PC";"Avrit Chanders";"2020-08-09";81095.39;64316.75;16778.64
"Armstrong-Little";"PC";"Tarrah Castelletti";"2020-07-15";40385.45;32591.06;7794.39
"Johns and Sons";"PC";"Smitty Culverhouse";"2019-12-09";161544.06;132579.21;28964.85
"Johns and Sons";"PC";"Palm Wetherald";"2019-01-21";37892.58;30010.92;7881.66
"Considine-Fisher";"PC";"Crysta Halls";"2019-08-10";78540.62;63987.04;14553.58
"Johns and Sons";"PC";"Jocelyn Laurentino";"2019-01-03";82525.61;68446.74;14078.87
"Connelly-Mohr";"PC";"Hortense Gerring";"2019-11-30";86083.27;72309.95;13773.32
"Labadie and Sons";"PC";"Brynn Dempster";"2019-08-08";97439.36;79773.6;17665.76
"Rowe, Hermiston and Kessler";"PC";"Maighdiln Upcraft";"2020-05-09";70657.26;61330.5;9326.76
"Romaguera-Haley";"PC";"Aurelie Wren";"2020-05-27";155766.23;131529.0;24237.23
"Murray, Reichel and Nolan";"Tablet";"Casie MacBain";"2020-10-19";48922.42;39387.44;9534.98
"Friesen-Rath";"PC";"Bunnie Tonbridge";"2019-08-31";157007.52;126940.58;30066.94
"Romaguera-Haley";"Mobile";"Hortense Gerring";"2019-09-22";40728.28;35669.83;5058.45
"Johns and Sons";"PC";"Aurelie Wren";"2020-06-10";152442.32;122258.74;30183.58
"Jacobson, Marvin and Brown";"PC";"Bernadine Fullagar";"2019-11-27";158011.3;137390.83;20620.47
"Hilll-Vandervort";"PC";"Mellicent Mattys";"2020-10-28";65211.07;56883.62;8327.45
"Wiza and Sons";"PC";"Perri Aldersley";"2019-01-02";42814.57;35356.27;7458.3
"Bashirian, Okuneva and Bechtelar";"PC";"Joshua Prevost";"2020-06-10";118409.59;96030.18;22379.41
"Altenwerth-Konopelski";"PC";"Madelon Bront";"2020-07-04";33617.03;26614.6;7002.43
"Tromp LLC";"PC";"Wat Bowkley";"2020-12-22";205582.75;166748.17;38834.58
"Hessel-Stiedemann";"PC";"Crysta Halls";"2019-07-22";80431.34;69774.19;10657.15
"Wisoky Inc";"Mobile";"Corene Shirer";"2019-10-14";75912.59;60145.55;15767.04
"Konopelski LLC";"Tablet";"Tarrah Castelletti";"2019-12-20";145558.0;116257.18;29300.82
"Shanahan, Schaden and Parker";"PC";"Aurelie Wren";"2019-10-09";59670.68;51269.05;8401.63
"Johns and Sons";"Tablet";"Aurelie Wren";"2019-04-19";89830.34;76795.96;13034.38
"Leffler, Prohaska and Streich";"PC";"Anita Woakes";"2020-10-22";103638.67;84030.23;19608.44
"Spencer, Rogahn and Muller";"PC";"Corene Shirer";"2019-11-04";123424.43;98171.79;25252.64
"McClure Inc";"PC";"Crysta Halls";"2020-03-09";86050.61;75569.65;10480.96
"Johns and Sons";"PC";"Ora Grennan";"2019-08-20";119156.18;100710.8;18445.38
"Smith Group";"PC";"Nero Harbisher";"2020-12-01";99731.4;84731.8;14999.6
"Dibbert Inc";"PC";"Brynn Dempster";"2019-02-17";101321.52;86710.96;14610.56
"Johns and Sons";"PC";"Corene Shirer";"2020-02-18";53485.0;46713.8;6771.2
"Larkin-Collier";"PC";"Wat Bowkley";"2019-11-12";200635.57;172245.64;28389.93
"Hegmann Group";"PC";"Winny Agnolo";"2019-03-06";242526.0;212113.24;30412.76
"Murray, Reichel and Nolan";"PC";"Alyosha Meah";"2019-11-09";57913.36;48693.55;9219.81
"Altenwerth-Konopelski";"Mobile";"Caro Morfield";"2019-12-23";325331.99;264592.51;60739.48
"Hane Inc";"PC";"Amelina Piscopiello";"2019-02-02";40148.49;31954.18;8194.31
"Murray, Reichel and Nolan";"PC";"Genevra Charrisson";"2020-10-27";59043.39;48876.12;10167.27
"Hessel-Stiedemann";"PC";"Alyosha Meah";"2020-05-03";72757.01;63378.63;9378.38
"Keeling, Monahan and Pollich";"PC";"Genevra Charrisson";"2019-11-04";74295.81;63716.09;10579.72
"Johns and Sons";"PC";"Jocelyn Laurentino";"2019-01-27";172397.66;139986.9;32410.76
"Dibbert Inc";"PC";"Hortense Gerring";"2020-04-14";137562.42;112140.88;25421.54
"Dickinson, Hyatt and Berge";"PC";"Maighdiln Upcraft";"2020-05-08";109562.5;89917.94;19644.56
"Romaguera-Haley";"PC";"Winny Agnolo";"2020-11-10";73727.91;64047.44;9680.47
"Swaniawski, Runolfsson and Green";"PC";"Collin Mackness";"2019-11-20";152370.57;128478.86;23891.71
"Labadie and Sons";"PC";"Ora Grennan";"2020-03-08";174392.33;141449.62;32942.71
"Corwin and Sons";"Mobile";"Bunnie Tonbridge";"2019-03-07";271465.15;217959.37;53505.78
"Hessel-Stiedemann";"PC";"Crysta Halls";"2020-02-15";111557.68;92470.16;19087.52
"Lubowitz, McLaughlin and Erdman";"Mobile";"Corene Shirer";"2020-05-03";87513.27;72469.74;15043.53
"Spencer, Rogahn and Muller";"PC";"Amelina Piscopiello";"2020-07-06";107586.21;94525.24;13060.97
"Rowe, Hermiston and Kessler";"PC";"Maighdiln Upcraft";"2020-03-19";34771.79;28509.39;6262.4
"West-Cummings";"PC";"Tarrah Castelletti";"2020-05-16";168530.22;136981.36;31548.86
"Labadie and Sons";"PC";"Genevra Charrisson";"2020-06-23";166380.74;146049.01;20331.73
"Romaguera-Haley";"Mobile";"Aurelie Wren";"2020-03-11";170408.23;143432.61;26975.62
"Dickinson, Hyatt and Berge";"Tablet";"Jay Morefield";"2020-07-25";92179.76;74794.66;17385.1
"Hermiston, Simonis and Wisoky";"Tablet";"Caro Morfield";"2019-06-16";204484.61;177308.61;27176.0
"McClure Inc";"PC";"Wat Bowkley";"2019-06-09";27824.83;23517.55;4307.28
"Johns and Sons";"Mobile";"Hortense Gerring";"2019-07-07";194326.7;169005.93;25320.77
"Walter LLC";"PC";"Hortense Gerring";"2019-06-17";59691.71;49239.69;10452.02
"Tromp LLC";"Mobile";"Jay Morefield";"2019-05-12";256388.08;212058.58;44329.5
"Hamill, Kulas and Roob";"PC";"Brynn Dempster";"2020-04-28";84598.68;72391.09;12207.59
"Keeling, Monahan and Pollich";"PC";"Amelina Piscopiello";"2019-04-15";116206.87;93104.94;23101.93
"Gislason-Stanton";"Mobile";"Brynn Dempster";"2019-11-11";74231.25;61604.51;12626.74
"Hermiston, Simonis and Wisoky";"PC";"Bernadine Fullagar";"2020-09-23";80328.16;65836.96;14491.2
"Zieme, Bailey and Herzog";"PC";"Amelina Piscopiello";"2020-08-02";32661.62;27922.42;4739.2
"Hamill, Kulas and Roob";"PC";"Maighdiln Upcraft";"2019-09-15";85223.07;73002.08;12220.99
"Morissette Group";"PC";"Anita Woakes";"2020-10-20";39457.34;32793.0;6664.34
"West-Cummings";"PC";"Smitty Culverhouse";"2020-08-27";87085.71;76548.34;10537.37
"Johns and Sons";"PC";"Palm Wetherald";"2020-12-30";130242.41;113050.41;17192.0
"Corwin and Sons";"PC";"Corene Shirer";"2020-06-19";74790.02;64992.53;9797.49
"Farrell, Swaniawski and Crist";"PC";"Smitty Culverhouse";"2020-11-14";79874.42;68132.88;11741.54
"Murray, Reichel and Nolan";"PC";"Avrit Chanders";"2020-03-20";19814.86;16787.15;3027.71
"Larkin-Collier";"PC";"Genevra Charrisson";"2020-02-12";203958.16;176444.2;27513.96
"Keeling, Monahan and Pollich";"PC";"Case Desorts";"2020-11-11";65822.05;54790.27;11031.78
"Stehr LLC";"PC";"Maighdiln Upcraft";"2020-05-16";58416.11;48076.46;10339.65
"Schoen-Keeling";"PC";"Corene Shirer";"2020-04-25";59378.97;52176.3;7202.67
"Tromp LLC";"Mobile";"Caro Morfield";"2020-01-21";73773.6;58421.31;15352.29
"McGlynn-Bergstrom";"PC";"Alyosha Meah";"2019-09-09";44029.07;38344.92;5684.15
"Dibbert Inc";"PC";"Amelina Piscopiello";"2019-09-22";51504.5;44592.6;6911.9
"Dickinson, Hyatt and Berge";"PC";"Ora Grennan";"2019-06-02";56068.7;47378.05;8690.65
"Walter LLC";"PC";"Corene Shirer";"2020-06-20";129022.02;104585.25;24436.77
"Johns and Sons";"PC";"Jay Morefield";"2019-11-18";123751.91;102590.33;21161.58
"Johns and Sons";"PC";"Casie MacBain";"2019-09-13";153011.39;131543.89;21467.5
"Johns and Sons";"Tablet";"Joshua Prevost";"2020-02-20";44232.84;38880.67;5352.17
"Spencer, Rogahn and Muller";"PC";"Aurelie Wren";"2020-04-15";51416.24;43338.75;8077.49
"Johns and Sons";"Mobile";"Amelina Piscopiello";"2019-02-21";78629.19;63359.4;15269.79
"Hessel-Stiedemann";"PC";"Hortense Gerring";"2019-07-05";95566.43;80342.7;15223.73
"Christiansen, Donnelly and Bechtelar";"Tablet";"Genevra Charrisson";"2019-01-20";123272.44;101576.49;21695.95
"Wiza and Sons";"Tablet";"Genevra Charrisson";"2020-09-27";34748.75;27475.84;7272.91
"Lubowitz, McLaughlin and Erdman";"PC";"Cobby Andersen";"2020-06-05";109892.92;89441.85;20451.07
"Johns and Sons";"Tablet";"Alyosha Meah";"2019-02-12";177993.88;145029.41;32964.47
"Gislason-Stanton";"PC";"Hortense Gerring";"2020-03-07";243176.92;202250.24;40926.68
"Johns and Sons";"PC";"Palm Wetherald";"2020-08-24";31966.82;26593.2;5373.62
"Armstrong-Little";"PC";"Anita Woakes";"2020-01-09";64053.77;54733.95;9319.82
"Johns and Sons";"PC";"Casie MacBain";"2019-01-19";36747.24;31900.28;4846.96
"Johns and Sons";"PC";"Anita Woakes";"2020-05-05";116548.17;92119.67;24428.5
"Wyman Group";"PC";"Bernadine Fullagar";"2020-12-10";98963.03;80367.88;18595.15
"Dibbert Inc";"PC";"Bunnie Tonbridge";"2020-04-10";126409.18;104692.08;21717.1
"Hilll-Vandervort";"PC";"Winny Agnolo";"2019-09-24";124537.47;105881.76;18655.71
"Stamm Inc";"PC";"Genevra Charrisson";"2019-01-06";159052.7;127926.09;31126.61
"Wisoky Inc";"PC";"Case Desorts";"2020-05-20";58948.52;49416.54;9531.98
"West-Cummings";"Mobile";"Joshua Prevost";"2020-03-16";37636.91;30847.21;6789.7
"Abbott, Roberts and Torp";"Mobile";"Shermy McGready";"2020-12-20";149372.32;130611.16;18761.16
"Johns and Sons";"PC";"Genevra Charrisson";"2020-09-19";124234.91;98244.97;25989.94
"Schowalter, Lesch and Beahan";"PC";"Brynn Dempster";"2019-11-02";120453.52;97218.04;23235.48
"Farrell, Swaniawski and Crist";"PC";"Hortense Gerring";"2019-09-21";50796.04;44090.96;6705.08
"Hilll-Vandervort";"Mobile";"Wat Bowkley";"2019-09-26";116563.4;92807.78;23755.62
"Wisoky Inc";"PC";"Avrit Chanders";"2020-03-28";19366.75;15857.49;3509.26
"Johns and Sons";"PC";"Ora Grennan";"2019-04-24";96613.06;79242.03;17371.03
"Larkin-Collier";"PC";"Smitty Culverhouse";"2019-11-07";296465.56;257480.34;38985.22
"Murray, Reichel and Nolan";"PC";"Wat Bowkley";"2019-08-01";35619.28;28192.66;7426.62
"Kihn Inc";"PC";"Amelina Piscopiello";"2019-01-15";133985.91;116741.92;17243.99
"McGlynn-Prosacco";"PC";"Nero Harbisher";"2020-11-19";119858.15;99997.65;19860.5
"Stamm-Zulauf";"PC";"Brynn Dempster";"2019-01-25";85390.17;74400.46;10989.71
"Wiza and Sons";"PC";"Shermy McGready";"2020-09-19";124611.61;107776.58;16835.03
"Romaguera-Dietrich";"PC";"Mellicent Mattys";"2020-08-06";161984.91;138237.92;23746.99
"Hermiston, Simonis and Wisoky";"Mobile";"Collin Mackness";"2019-03-06";76183.74;61617.41;14566.33
"Gislason-Stanton";"PC";"Madelon Bront";"2019-09-15";112228.82;97470.73;14758.09
"Johns and Sons";"PC";"Hortense Gerring";"2020-02-01";97291.62;76899.3;20392.32
"Johns and Sons";"PC";"Anita Woakes";"2019-03-10";131402.37;106383.36;25019.01
"Johns and Sons";"PC";"Jay Morefield";"2019-05-24";173258.94;143198.51;30060.43
"Armstrong-Little";"PC";"Brynn Dempster";"2020-10-05";72857.41;60442.51;12414.9
"Johns and Sons";"PC";"Winny Agnolo";"2020-04-04";99114.91;84217.94;14896.97
"Hermiston, Simonis and Wisoky";"Tablet";"Hortense Gerring";"2020-08-08";102495.13;85009.46;17485.67
"Considine-Fisher";"PC";"Amelina Piscopiello";"2019-06-16";119820.82;98289.02;21531.8
"Stehr LLC";"PC";"Ora Grennan";"2019-05-26";66141.13;53435.42;12705.71
"Walter LLC";"PC";"Madelon Bront";"2020-12-24";149938.71;131541.23;18397.48
"Armstrong-Little";"PC";"Anita Woakes";"2019-10-15";124093.76;105231.51;18862.25
"Schoen-Keeling";"Mobile";"Ora Grennan";"2020-02-04";98915.41;85176.06;13739.35
"Stehr LLC";"PC";"Maighdiln Upcraft";"2020-04-25";141948.11;112948.11;29000.0
"Johns and Sons";"PC";"Maighdiln Upcraft";"2020-04-14";162123.74;133979.06;28144.68
"Romaguera-Dietrich";"Mobile";"Casie MacBain";"2020-04-03";44118.5;38250.74;5867.76
"Armstrong-Little";"PC";"Nero Harbisher";"2020-03-18";85237.91;72384.03;12853.88
"Considine-Fisher";"PC";"Amelina Piscopiello";"2019-05-30";65036.81;52361.14;12675.67
"Rowe, Hermiston and Kessler";"PC";"Smitty Culverhouse";"2020-04-01";49990.72;42927.03;7063.69
"Hartmann, Hane and Pfannerstill";"PC";"Aurelie Wren";"2019-07-28";47186.74;38112.73;9074.01
"Romaguera-Dietrich";"PC";"Corene Shirer";"2020-04-14";148037.71;117867.62;30170.09
"Hessel-Stiedemann";"PC";"Wat Bowkley";"2020-12-23";0.0;205674.91;-205674.91
"Hane Inc";"Mobile";"Smitty Culverhouse";"2020-05-15";137419.3;117658.4;19760.9
"Walter LLC";"PC";"Anita Woakes";"2020-03-10";177867.3;140675.25;37192.05
"Romaguera-Dietrich";"Mobile";"Brynn Dempster";"2020-03-13";25834.34;22450.04;3384.3
"Murray, Reichel and Nolan";"PC";"Bertha Walbrook";"2019-03-10";127143.54;105033.28;22110.26
"Labadie and Sons";"PC";"Madelon Bront";"2020-08-27";166507.76;143896.01;22611.75
"Wunsch LLC";"PC";"Mellicent Mattys";"2020-11-15";125851.79;103777.39;22074.4
"Johns and Sons";"PC";"Palm Wetherald";"2019-04-07";117288.29;94546.09;22742.2
"Altenwerth-Konopelski";"PC";"Winny Agnolo";"2020-05-30";121246.32;104005.09;17241.23
"McGlynn-Prosacco";"PC";"Nero Harbisher";"2019-06-08";28787.17;24610.15;4177.02
"Johns and Sons";"PC";"Ora Grennan";"2019-03-23";36276.11;28748.82;7527.29
"Schowalter, Lesch and Beahan";"PC";"Corene Shirer";"2019-11-24";127631.89;110963.17;16668.72
"Stehr-Bogan";"Mobile";"Caro Morfield";"2020-01-15";118982.14;95506.96;23475.18
"Romaguera-Haley";"PC";"Caro Morfield";"2020-07-01";122273.0;104531.19;17741.81
"Gislason-Stanton";"PC";"Alyosha Meah";"2019-09-12";127939.8;112267.17;15672.63
"Jacobson, Marvin and Brown";"Mobile";"Brynn Dempster";"2020-01-18";107716.72;86679.64;21037.08
"Dickinson, Hyatt and Berge";"Mobile";"Casie MacBain";"2019-02-12";80986.1;64124.79;16861.31
"Hessel-Stiedemann";"Tablet";"Manuel Goudie";"2020-07-29";61325.25;49379.09;11946.16
"Gislason-Stanton";"PC";"Aurelie Wren";"2020-08-05";95387.89;76195.85;19192.04
"Stehr LLC";"PC";"Corene Shirer";"2020-03-07";284298.56;229656.38;54642.18
"Hessel-Stiedemann";"PC";"Nero Harbisher";"2020-04-07";118026.37;99873.91;18152.46
"Schmitt, Purdy and Johnson";"PC";"Avrit Chanders";"2019-08-27";105464.41;84761.75;20702.66
"Hegmann Group";"PC";"Smitty Culverhouse";"2019-07-23";123891.6;104118.5;19773.1
"Hessel-Stiedemann";"Mobile";"Bunnie Tonbridge";"2020-09-02";79375.17;64532.01;14843.16
"Dickinson, Hyatt and Berge";"PC";"Shermy McGready";"2020-09-20";128235.65;103024.52;25211.13
"Schoen-Keeling";"PC";"Tarrah Castelletti";"2019-03-23";121292.94;104384.7;16908.24
"McGlynn-Prosacco";"PC";"Maighdiln Upcraft";"2019-03-07";254021.98;205605.39;48416.59
"Kihn Inc";"Tablet";"Crysta Halls";"2019-09-10";154950.74;133195.66;21755.08
"Christiansen, Donnelly and Bechtelar";"PC";"Aurelie Wren";"2019-07-13";165305.7;134757.21;30548.49
"Stehr LLC";"PC";"Ora Grennan";"2019-05-21";49374.25;39208.09;10166.16
"Schowalter, Lesch and Beahan";"PC";"Caro Morfield";"2020-11-28";169810.63;145952.24;23858.39
"Schowalter, Lesch and Beahan";"PC";"Winny Agnolo";"2020-06-30";47082.67;37882.72;9199.95
"Johns and Sons";"PC";"Aurelie Wren";"2019-11-14";81458.94;64434.02;17024.92
"Hessel-Stiedemann";"PC";"Jay Morefield";"2020-09-12";128112.26;104975.19;23137.07
"McGlynn-Bergstrom";"PC";"Tarrah Castelletti";"2020-03-15";30975.79;27072.84;3902.95
"Spencer, Rogahn and Muller";"PC";"Smitty Culverhouse";"2019-01-14";45256.74;38975.1;6281.64
"Johns and Sons";"PC";"Amelina Piscopiello";"2019-01-20";72749.07;59108.62;13640.45
"Johns and Sons";"PC";"Jay Morefield";"2020-01-23";150313.19;118927.8;31385.39
"Johns and Sons";"PC";"Anita Woakes";"2019-08-31";36785.28;30546.5;6238.78
"Lueilwitz, Kerluke and Lesch";"PC";"Ora Grennan";"2019-03-13";35214.85;27985.24;7229.61
"Leffler, Prohaska and Streich";"PC";"Perri Aldersley";"2020-03-24";90926.92;73050.69;17876.23
"Friesen-Rath";"PC";"Hortense Gerring";"2020-01-18";37521.39;29701.93;7819.46
"Larkin-Collier";"PC";"Amelina Piscopiello";"2020-11-14";68173.22;54040.91;14132.31
"Murray, Reichel and Nolan";"PC";"Tarrah Castelletti";"2019-12-23";88832.28;71501.1;17331.18
"Swaniawski, Runolfsson and Green";"Tablet";"Alyosha Meah";"2019-06-15";159793.46;139180.1;20613.36
"Romaguera-Dietrich";"Mobile";"Smitty Culverhouse";"2019-02-01";177208.76;151779.3;25429.46
"Christiansen, Donnelly and Bechtelar";"PC";"Ora Grennan";"2020-07-21";224626.25;189988.88;34637.37
"Swaniawski, Runolfsson and Green";"PC";"Ora Grennan";"2020-02-01";89369.0;72889.36;16479.64
"Rowe, Hermiston and Kessler";"PC";"Maighdiln Upcraft";"2019-06-17";65254.5;53919.79;11334.71
"Johns and Sons";"Tablet";"Mellicent Mattys";"2019-01-17";62011.86;49324.23;12687.63
"Dibbert Inc";"PC";"Alyosha Meah";"2020-07-31";128208.95;111746.92;16462.03
"Hessel-Stiedemann";"Tablet";"Aurelie Wren";"2020-04-01";136915.61;114790.05;22125.56
"McGlynn-Prosacco";"Mobile";"Ora Grennan";"2020-12-09";159926.16;126453.61;33472.55
"Smith Group";"PC";"Genevra Charrisson";"2020-10-23";154715.49;126572.74;28142.75
"Hessel-Stiedemann";"PC";"Genevra Charrisson";"2020-05-20";81219.67;70319.99;10899.68
"Hilll-Vandervort";"PC";"Hortense Gerring";"2019-07-30";251003.51;214105.99;36897.52
"Altenwerth-Konopelski";"Tablet";"Casie MacBain";"2019-02-05";51407.3;44292.53;7114.77
"Jacobson, Marvin and Brown";"PC";"Alyosha Meah";"2020-07-21";79407.28;64383.42;15023.86
"Swaniawski, Runolfsson and Green";"PC";"Jay Morefield";"2020-11-18";50689.19;43597.77;7091.42
"Romaguera-Haley";"PC";"Winny Agnolo";"2020-04-27";178465.4;156282.15;22183.25
"Wisoky Inc";"PC";"Smitty Culverhouse";"2020-01-21";89600.45;70811.24;18789.21
"Considine-Fisher";"PC";"Amelina Piscopiello";"2019-01-16";151855.04;129486.79;22368.25
"Friesen-Rath";"PC";"Crysta Halls";"2019-04-15";147055.1;126114.45;20940.65
"Schmitt, Purdy and Johnson";"PC";"Winny Agnolo";"2019-11-27";29783.39;23719.49;6063.9
"Rowe, Hermiston and Kessler";"PC";"Smitty Culverhouse";"2020-09-30";154072.89;121887.06;32185.83
"West-Cummings";"PC";"Bernadine Fullagar";"2019-05-12";278731.9;221591.86;57140.04
"Zieme, Bailey and Herzog";"PC";"Ora Grennan";"2020-01-06";132235.46;114132.43;18103.03
"Tillman and Sons";"Tablet";"Aurelie Wren";"2020-11-23";118321.11;94822.54;23498.57
"Franecki-White";"PC";"Ora Grennan";"2020-03-10";88977.22;72534.23;16442.99
"Leffler, Prohaska and Streich";"PC";"Corene Shirer";"2020-06-13";204133.95;167553.15;36580.8
"Franecki-White";"PC";"Genevra Charrisson";"2020-03-17";102000.57;87261.49;14739.08
"Wisoky Inc";"PC";"Tarrah Castelletti";"2019-05-15";115226.8;94336.18;20890.62
"Swaniawski, Runolfsson and Green";"PC";"Amelina Piscopiello";"2019-10-30";49664.17;39244.63;10419.54
"Dickinson, Hyatt and Berge";"PC";"Caro Morfield";"2019-02-27";35354.22;30517.76;4836.46
"Connelly-Mohr";"Tablet";"Amelina Piscopiello";"2019-09-13";128804.51;105709.86;23094.65
"Rowe, Hermiston and Kessler";"PC";"Amelina Piscopiello";"2019-02-26";107499.78;91364.06;16135.72
"Johns and Sons";"PC";"Madelon Bront";"2020-01-04";50646.66;43039.53;7607.13
"Johns and Sons";"PC";"Shermy McGready";"2019-01-14";103874.1;82112.48;21761.62
"Murray, Reichel and Nolan";"PC";"Jay Morefield";"2019-01-06";128227.36;106710.81;21516.55
"Johns and Sons";"PC";"Amelina Piscopiello";"2020-08-12";140635.94;115194.9;25441.04
"Christiansen, Donnelly and Bechtelar";"PC";"Madelon Bront";"2019-10-02";83782.11;67310.55;16471.56
"Rowe, Hermiston and Kessler";"PC";"Tarrah Castelletti";"2019-12-19";162101.93;133912.4;28189.53
"Schowalter, Lesch and Beahan";"PC";"Genevra Charrisson";"2019-10-16";62947.82;49967.98;12979.84
"Rowe, Hermiston and Kessler";"PC";"Hortense Gerring";"2020-07-16";238085.99;193587.72;44498.27
"Altenwerth-Konopelski";"Mobile";"Bunnie Tonbridge";"2020-02-13";57107.26;48232.79;8874.47
"Hilll-Vandervort";"PC";"Winny Agnolo";"2020-01-27";133696.86;109310.55;24386.31
"Christiansen, Donnelly and Bechtelar";"Mobile";"Shermy McGready";"2020-02-26";65329.65;53237.13;12092.52
"Labadie and Sons";"PC";"Winny Agnolo";"2019-06-13";124414.74;98959.48;25455.26
"Kihn Inc";"PC";"Corene Shirer";"2020-03-19";48090.78;42040.96;6049.82
"Bashirian, Okuneva and Bechtelar";"PC";"Amelina Piscopiello";"2019-06-30";214615.79;177637.49;36978.3
"Hilll-Vandervort";"PC";"Alyosha Meah";"2020-09-02";70596.7;60564.91;10031.79
"Johns and Sons";"Tablet";"Bunnie Tonbridge";"2019-03-23";114232.68;95795.52;18437.16
"Schuster Inc";"PC";"Alyosha Meah";"2020-08-29";45463.65;36907.39;8556.26
"Konopelski LLC";"PC";"Nero Harbisher";"2019-02-25";23290.84;19147.4;4143.44
"Johns and Sons";"PC";"Aurelie Wren";"2020-12-03";103279.79;82334.65;20945.14
"O'Connell-Mitchell";"PC";"Jocelyn Laurentino";"2019-03-16";76426.54;66116.6;10309.94
"Hegmann Group";"PC";"Alyosha Meah";"2019-01-08";167123.72;132946.92;34176.8
"Littel-Blick";"PC";"Amelina Piscopiello";"2019-08-24";95966.17;75976.42;19989.75
"O'Connell-Mitchell";"Mobile";"Ora Grennan";"2019-12-27";268779.03;233676.49;35102.54
"Schowalter, Lesch and Beahan";"PC";"Palm Wetherald";"2019-07-18";226021.18;180455.31;45565.87
"Spencer, Rogahn and Muller";"PC";"Crysta Halls";"2019-03-31";48850.38;39788.63;9061.75
"Johns and Sons";"Tablet";"Anita Woakes";"2019-09-03";19930.04;16543.93;3386.11
"Romaguera-Haley";"PC";"Ora Grennan";"2020-07-09";40043.11;35109.8;4933.31
"Johns and Sons";"PC";"Nero Harbisher";"2020-07-02";0.0;14102.75;-14102.75
"Hessel-Stiedemann";"PC";"Casie MacBain";"2020-03-18";86669.23;71580.12;15089.11
"Murray, Reichel and Nolan";"";"Shermy McGready";"2019-02-15";98289.32;84116.0;14173.32
"Johns and Sons";"PC";"Genevra Charrisson";"2019-10-13";105686.13;86694.33;18991.8
"Rowe, Hermiston and Kessler";"PC";"Bernadine Fullagar";"2020-02-17";126582.5;103683.73;22898.77
"Goldner-Dibbert";"PC";"Crysta Halls";"2019-08-24";53089.52;44812.86;8276.66
"Johns and Sons";"PC";"Anita Woakes";"2020-12-29";72885.55;59773.44;13112.11
"Hessel-Stiedemann";"PC";"Corene Shirer";"2019-08-28";162246.76;142663.58;19583.18
"Johns and Sons";"PC";"Corene Shirer";"2019-08-04";126346.44;103970.49;22375.95
"Gleichner-Green";"PC";"Case Desorts";"2019-12-22";248261.86;206727.65;41534.21
"Dickinson, Hyatt and Berge";"PC";"Bunnie Tonbridge";"2020-03-03";63373.72;55572.41;7801.31
"Hartmann, Hane and Pfannerstill";"PC";"Perri Aldersley";"2019-04-15";85927.37;74490.44;11436.93
"Hilll-Vandervort";"PC";"Aurelie Wren";"2019-04-24";115718.87;100640.7;15078.17
"Hessel-Stiedemann";"PC";"Brynn Dempster";"2020-11-29";87409.49;70548.2;16861.29
"Altenwerth-Konopelski";"PC";"Nero Harbisher";"2020-12-06";253291.55;219502.46;33789.09
"Johns and Sons";"PC";"Winny Agnolo";"2019-12-19";383996.76;304701.43;79295.33
"Kihn Inc";"PC";"Wat Bowkley";"2020-03-01";53616.06;45589.74;8026.32
"Wisoky Inc";"PC";"Anita Woakes";"2019-06-22";176473.32;139413.92;37059.4
"Tillman and Sons";"";"Jay Morefield";"2019-11-22";29493.79;24285.19;5208.6
"McClure Inc";"PC";"Corene Shirer";"2019-03-26";52209.31;41480.3;10729.01
"Murray, Reichel and Nolan";"PC";"Corene Shirer";"2020-02-17";125253.59;108269.2;16984.39
"Johns and Sons";"PC";"Maighdiln Upcraft";"2019-12-26";87404.0;69363.81;18040.19
"O'Connell-Mitchell";"PC";"Ora Grennan";"2019-10-21";167072.72;135044.88;32027.84
"Schowalter, Lesch and Beahan";"PC";"Amelina Piscopiello";"2020-01-31";157932.84;134148.15;23784.69
"Hessel-Stiedemann";"PC";"Nero Harbisher";"2020-12-23";95575.75;75504.84;20070.91
"Farrell, Swaniawski and Crist";"PC";"Avrit Chanders";"2019-08-12";69126.5;55902.6;13223.9
"Armstrong-Little";"Tablet";"Avrit Chanders";"2020-05-28";140943.88;120633.87;20310.01
"Swaniawski, Runolfsson and Green";"Tablet";"Ora Grennan";"2020-05-22";124784.67;106853.11;17931.56
"Romaguera-Dietrich";"PC";"Casie MacBain";"2020-12-27";61968.26;50690.04;11278.22
"Kirlin and Sons";"PC";"Nero Harbisher";"2020-06-24";172453.1;145688.38;26764.72
